,Benchmark,Consumer Staples,,Healthcare,,Telecoms,,Federal Funds Rate,Monthly Log Returns from Adj. Close,,,,,,,Monthly Change in Federal Funds Rate (Fixed Window Approach),Hike Dummy,Cut Dummy
,$SPY,$PG,$KO,$JNJ,$UNH,$VZ,$T,,$SPY,$PG,$KO,$JNJ,$UNH,$VZ,$T,,,
1/31/2000,87.8473,25.7225,13.9857,21.9218,5.1364,15.858,7.559,5.45,-0.015343534,-0.140137171,-0.166501075,-0.174766847,-0.036116743,-0.235564298,-0.127415534,0.28,1,0
2/29/2000,86.5097,22.359,11.8406,18.4067,4.9542,12.5298,6.6547,5.73,0.092482856,-0.437316823,-0.031494275,-0.024606642,0.154340976,0.222405837,0.109771708,0.12,1,0
3/31/2000,94.892,14.4387,11.4735,17.9593,5.781,15.6507,7.4268,5.85,-0.035751461,0.056344682,0.006584801,0.160738323,0.11207379,-0.012770728,0.044531377,0.17,1,0
4/28/2000,91.5594,15.2756,11.5493,21.091,6.4666,15.4521,7.765,6.02,-0.015848046,0.107033028,0.12197938,0.085037816,0.111547073,-0.126323097,0,0.25,1,0
5/31/2000,90.1198,17.0013,13.0476,22.963,7.2297,13.6184,7.765,6.27,0.019513254,-0.158548235,0.076484893,0.129754618,0.139827491,-0.039932357,0.004330597,0.26,1,0
6/30/2000,91.8956,14.5086,14.0847,26.1445,8.3147,13.0853,7.7987,6.53,-0.015827193,0.010299261,0.065205246,-0.09074832,-0.047031576,-0.07627776,-0.027468076,0.01,1,0
7/31/2000,90.4526,14.6588,15.0337,23.8764,7.9327,12.1243,7.5874,6.54,0.063295316,0.081341163,-0.152470315,-0.008576487,0.144409335,-0.071595522,-0.018744853,-0.04,0,1
8/31/2000,96.3629,15.901,12.9077,23.6725,9.1651,11.2866,7.4465,6.5,-0.056366563,0.080299069,0.049455105,0.021302788,0.043784074,0.107107965,0.17744161,0.02,1,0
9/29/2000,91.0815,17.2305,13.5621,24.1822,9.5753,12.5626,8.8923,6.52,-0.004689205,0.0688439,0.090963122,-0.019458466,0.102233013,0.184228843,0.150195634,-0.01,0,1
10/31/2000,90.6554,18.4585,14.8536,23.7162,10.606,15.1039,10.3334,6.51,-0.077586506,0.047027906,0.039314962,0.083231152,0.069989295,-0.028419283,-0.048844359,0,0,0
11/30/2000,83.8877,19.3473,15.4492,25.7746,11.3749,14.6807,9.8408,6.51,-0.005166642,0.046446007,-0.02734935,0.049741922,0.0454149,-0.114119969,-0.140266602,-0.11,0,1
12/29/2000,83.4554,20.2671,15.0324,27.0891,11.9034,13.0974,8.5529,6.4,0.043499695,-0.082916838,-0.049451954,-0.120915116,-0.084443981,0.098875656,0.017535261,-0.42,0,1
1/31/2001,87.1658,18.6544,14.3071,24.0039,10.9395,14.4586,8.7042,5.98,-0.10024952,-0.018831318,-0.089579833,0.047500058,0.048783635,-0.104449516,-0.013532945,-0.49,0,1
2/28/2001,78.8512,18.3064,13.0812,25.1716,11.4864,13.0246,8.5872,5.49,-0.057617463,-0.11884402,-0.156960176,-0.106811173,0.001026775,-0.004054397,-0.065632219,-0.18,0,1
3/30/2001,74.4364,16.2551,11.181,22.6216,11.4982,12.9719,8.0417,5.31,0.081986103,-0.035510617,0.022550365,0.098040762,0.099812986,0.118441508,-0.07286236,-0.51,0,1
4/30/2001,80.7963,15.688,11.436,24.9518,12.7051,14.603,7.4766,4.8,-0.005622469,0.067446547,0.025860683,0.008416775,-0.129963273,-0.004007196,0.042717316,-0.59,0,1
5/31/2001,80.3433,16.7826,11.7356,25.1627,11.1567,14.5446,7.8029,4.21,-0.024118772,-0.00687592,-0.048044422,0.030176686,0.071306887,-0.024914885,-0.071028068,-0.24,0,1
6/29/2001,78.4287,16.6676,11.1851,25.9336,11.9813,14.1867,7.2679,3.97,-0.010247575,0.112685014,-0.008926546,0.079610742,0.087851917,0.01927493,0.123333934,-0.2,0,1
7/31/2001,77.6291,18.6557,11.0857,28.0826,13.0815,14.4628,8.2219,3.77,-0.061165158,0.04312876,0.087326298,-0.022685644,0.009449536,-0.079733917,-0.095959876,-0.12,0,1
8/31/2001,73.0232,19.4779,12.0973,27.4527,13.2057,13.3544,7.4696,3.65,-0.085114901,-0.018508972,-0.034530844,0.049773711,-0.023188712,0.078993814,0.142117711,-0.58,0,1
9/28/2001,67.065,19.1207,11.6867,28.8537,12.903,14.4521,8.6103,3.07,0.012937642,0.018935005,0.021744127,0.044311465,-0.011340509,-0.075756682,-0.20652058,-0.58,0,1
10/31/2001,67.9383,19.4862,11.9436,30.161,12.7575,13.3977,7.0037,2.49,0.075085798,0.048677257,-0.015559657,0.008852975,0.08313294,-0.058066357,-0.019347257,-0.4,0,1
11/30/2001,73.2359,20.4582,11.7592,30.4292,13.8634,12.6419,6.8695,2.09,0.005601744,0.021331885,0.004039724,0.01448582,-0.00955981,0.009737359,0.047725543,-0.27,0,1
12/31/2001,73.6473,20.8993,11.8068,30.8732,13.7315,12.7656,7.2053,1.82,-0.009847739,0.036485379,-0.074843151,-0.027272119,0.049346602,-0.015966228,-0.038480976,-0.09,0,1
1/31/2002,72.9256,21.6759,10.9554,30.0426,14.4261,12.5634,6.9333,1.73,-0.01809889,0.037367597,0.079920527,0.060412743,-0.025335404,0.009663901,0.010359664,0.01,1,0
2/28/2002,71.6176,22.5012,11.8669,31.9135,14.0652,12.6854,7.0055,1.74,0.032702618,0.060631942,0.101984102,0.064383794,0.053197958,-0.015075144,-0.00965318,-0.01,0,1
3/28/2002,73.9984,23.9077,13.141,34.0358,14.8337,12.4956,6.9382,1.73,-0.059914892,0.006092405,0.060330036,-0.016924748,0.138925952,-0.130513174,-0.179460357,0.02,1,0
4/30/2002,69.695,24.0538,13.9582,33.4646,17.0445,10.9667,5.7984,1.75,-0.005952107,-0.007896799,0.000902288,-0.03676859,0.033485104,0.069576894,0.098934699,0,0,0
5/31/2002,69.2814,23.8646,13.9708,32.2565,17.6249,11.7569,6.4014,1.75,-0.076614168,-0.002794646,0.011550127,-0.160363003,0.008227104,-0.068583469,-0.115857578,0,0,0
6/28/2002,64.1717,23.798,14.1331,27.4772,17.7705,10.9776,5.7011,1.75,-0.082099596,0.001629061,-0.114529142,0.014057915,-0.043420963,-0.186176814,-0.08923511,-0.02,0,1
7/31/2002,59.1137,23.8368,12.6037,27.8662,17.0154,9.1128,5.2144,1.73,0.006779115,-0.003829144,0.021001836,0.028115851,0.007844371,-0.062521419,-0.11155058,0.01,1,0
8/30/2002,59.5158,23.7457,12.8712,28.6608,17.1494,8.5605,4.664,1.74,-0.110767137,0.00820354,-0.057547868,-0.004241243,-0.012875991,-0.12197527,-0.206004602,0.01,1,0
9/30/2002,53.2754,23.9413,12.1514,28.5395,16.93,7.5775,3.7957,1.75,0.079073397,-0.005940429,-0.031346861,0.08282391,0.04187519,0.331065745,0.257323625,0,0,0
10/31/2002,57.6591,23.7995,11.7764,31.0039,17.654,10.5513,4.9096,1.75,0.059853976,-0.045332421,-0.013782944,-0.026486334,-0.110319735,0.103553419,0.104973444,-0.41,0,1
11/29/2002,61.2156,22.7447,11.6152,30.1935,15.81,11.7025,5.453,1.34,-0.058304684,0.016543212,-0.040238519,-0.059801935,0.024856126,-0.077676358,-0.043151406,-0.1,0,1
12/31/2002,57.7485,23.1241,11.1571,28.4408,16.2079,10.8279,5.2227,1.24,-0.024902077,0.000488548,-0.080233187,-0.001865259,0.051354991,-0.002839295,-0.094343714,0,0,0
1/31/2003,56.3282,23.1354,10.2969,28.3878,17.062,10.7972,4.7525,1.24,-0.013569806,-0.044321314,-0.0059515,-0.01788491,-0.058562586,-0.101650394,-0.161288137,0.02,1,0
2/28/2003,55.569,22.1324,10.2358,27.8846,16.0915,9.7536,4.0446,1.26,0.002056586,0.084185356,0.012205635,0.098338869,0.100884803,0.022024374,-0.027268493,-0.01,0,1
3/31/2003,55.6834,24.0763,10.3615,30.7661,17.7996,9.9708,3.9358,1.25,0.081222587,0.013494513,-0.001970768,-0.026440135,0.005004424,0.066940781,0.167655873,0.01,1,0
4/30/2003,60.3949,24.4034,10.3411,29.9633,17.8889,10.6611,4.6542,1.26,0.053385073,0.021690327,0.120415222,-0.032043188,0.040522993,0.012490725,0.086083469,0,0,0
5/30/2003,63.7067,24.9385,11.6644,29.0184,18.6287,10.7951,5.0726,1.26,0.010606481,-0.029172126,0.022958927,-0.049987535,0.046433879,0.041409126,0.010706195,-0.04,0,1
6/30/2003,64.386,24.2215,11.9353,27.6035,19.5141,11.2515,5.1272,1.22,0.017866648,-0.009678626,-0.0315171,0.001741016,0.035965107,-0.109987874,-0.075068622,-0.21,0,1
7/31/2003,65.5467,23.9882,11.565,27.6516,20.2287,10.0796,4.7564,1.01,0.020416669,-0.006620948,-0.032775123,-0.038919004,-0.052416092,0.009095775,-0.039277901,0.02,1,0
8/29/2003,66.8987,23.8299,11.1921,26.5961,19.1957,10.1717,4.5732,1.03,-0.010946302,0.061427295,-0.00801985,-0.001211437,0.017843879,-0.08505688,0.001420315,-0.02,0,1
9/30/2003,66.1704,25.3396,11.1027,26.5639,19.5413,9.3423,4.5797,1.01,0.05214354,0.062022988,0.077026422,0.016224454,0.011068787,0.046849839,0.091995623,0,0,0
10/31/2003,69.7123,26.961,11.9917,26.9984,19.7588,9.7904,5.021,1.01,0.010861399,-0.021076611,0.006856201,-0.016081413,0.057661017,-0.022884057,-0.029611582,-0.01,0,1
11/28/2003,70.4736,26.3987,12.0742,26.5677,20.9316,9.5689,4.8745,1,0.049097155,0.037126052,0.087462651,0.046759683,0.076411128,0.065984872,0.122311126,-0.02,0,1
12/31/2003,74.02,27.3972,13.1778,27.8395,22.5937,10.2216,5.5087,0.98,0.019577438,0.016521404,-0.030206237,0.033499284,0.045362144,0.059975267,-0.01063966,0.02,1,0
1/30/2004,75.4834,27.8536,12.7857,28.7879,23.6422,10.8534,5.4504,1,0.013479932,0.014046276,0.014512082,0.013518102,0.01822793,0.039102346,-0.060213039,0.01,1,0
2/27/2004,76.5078,28.2476,12.9726,29.1797,24.0771,11.2862,5.1319,1.01,-0.013286531,0.022857318,0.011961233,-0.06099781,0.039073579,-0.047819538,0.031589144,-0.01,0,1
3/31/2004,75.498,28.9007,13.1287,27.453,25.0365,10.7592,5.2966,1,-0.019102324,0.013079856,0.005347972,0.06321949,-0.047025501,0.04248913,0.026971275,0,0,0
4/30/2004,74.0695,29.2812,13.1991,29.2446,23.8864,11.2262,5.4414,1,0.016978159,0.019383211,0.015307534,0.035835536,0.059516807,-0.087437419,-0.049405085,0,0,0
5/28/2004,75.3378,29.8543,13.4027,30.3116,25.3512,10.2863,5.1791,1,0.018323798,0.009783069,-0.012228735,-0.000178165,-0.047068651,0.045505797,0.032726913,0.03,1,0
6/30/2004,76.731,30.1478,13.2398,30.3062,24.1856,10.7652,5.3514,1.03,-0.03274951,-0.038288675,-0.140576108,-0.007751155,0.010385975,0.073530549,0.057001641,0.23,1,0
7/30/2004,74.2588,29.0153,11.5035,30.0722,24.4381,11.5866,5.6653,1.26,0.002433112,0.070692368,0.019191373,0.055053483,0.050079083,0.018250273,0.017601406,0.17,1,0
8/31/2004,74.4397,31.1407,11.7264,31.7742,25.6931,11.8,5.7659,1.43,0.009967661,-0.033611808,-0.104239269,-0.030938671,0.108920499,0.003308082,0.015334741,0.18,1,0
9/30/2004,75.1854,30.1114,10.5656,30.8062,28.6497,11.8391,5.855,1.61,0.012803169,-0.051199961,0.015113874,0.035745475,-0.018338344,0.002100992,-0.01550819,0.15,1,0
10/29/2004,76.1542,28.6085,10.7265,31.9273,28.1291,11.864,5.7649,1.76,0.043547581,0.043960605,-0.027494277,0.037351986,0.134826365,0.0530437,-0.00356234,0.17,1,0
11/30/2004,79.5438,29.8942,10.4356,33.1424,32.1892,12.5103,5.7444,1.93,0.029706307,0.029476762,0.057587409,0.050116314,0.060644358,-0.017611796,0.032692107,0.23,1,0
12/31/2004,81.9422,30.7885,11.0542,34.8457,34.2017,12.2919,5.9353,2.16,-0.022675847,-0.029761139,-0.003606939,0.019982283,0.009836932,-0.119801644,-0.068471912,0.12,1,0
1/31/2005,80.105,29.8857,11.0144,35.549,34.5398,10.9041,5.5425,2.28,0.020688327,-0.00263684,0.031079748,0.018083554,0.025102236,0.010618309,0.012550591,0.22,1,0
2/28/2005,81.7795,29.807,11.3621,36.1977,35.4178,11.0205,5.6125,2.5,-0.018450025,-0.00169567,-0.020180974,0.023502164,0.045566522,-0.013152676,-0.005377462,0.13,1,0
3/31/2005,80.2845,29.7565,11.1351,37.0585,37.069,10.8765,5.5824,2.63,-0.018912341,0.026696723,0.041592234,0.021653575,-0.009162678,0.019763867,0.018036419,0.16,1,0
4/29/2005,78.7804,30.5616,11.608,37.8697,36.7309,11.0936,5.684,2.79,0.031716686,0.018299164,0.027026375,-0.017640966,0.027653165,-0.011805913,-0.017803571,0.21,1,0
5/31/2005,81.3191,31.126,11.926,37.2075,37.7608,10.9634,5.5837,3,0.001495455,-0.044491923,-0.060301326,-0.031797684,0.070721566,-0.023739439,0.01570778,0.04,1,0
6/30/2005,81.4408,29.7715,11.2281,36.043,40.528,10.7062,5.6721,3.04,0.037547122,0.058234368,0.0470239,-0.01612972,0.003062322,0.002397602,0.039053891,0.22,1,0
7/29/2005,84.5568,31.5567,11.7687,35.4663,40.6523,10.7319,5.898,3.26,-0.009417789,-0.002700376,0.005465675,-0.003774069,-0.015413751,-0.045425969,-0.015256517,0.24,1,0
8/31/2005,83.7642,31.4716,11.8332,35.3327,40.0305,10.2553,5.8087,3.5,0.007960902,0.069281344,-0.012183919,-0.001736444,0.08733566,-0.000614505,-0.004572561,0.12,1,0
9/30/2005,84.4337,33.7293,11.6899,35.2714,43.6838,10.249,5.7822,3.62,-0.023935885,-0.055112194,-0.009540745,-0.010482461,0.029627386,-0.023945258,0.0051061,0.16,1,0
10/31/2005,82.4367,31.9207,11.5789,34.9036,44.9974,10.0065,5.8118,3.78,0.043014001,0.021204815,0.004377695,-0.008730513,0.033462467,0.014800242,0.043484746,0.22,1,0
11/30/2005,86.06,32.6048,11.6297,34.6002,46.5286,10.1557,6.0701,4,-0.00190048,0.011993498,-0.057368345,-0.027082953,0.037383017,-0.059924521,-0.016996729,0.16,1,0
12/30/2005,85.8966,32.9982,10.9813,33.6757,48.3009,9.565,5.9678,4.16,0.02372996,0.027825933,0.026198918,-0.043531371,-0.044760481,0.062707258,0.071153254,0.13,1,0
1/31/2006,87.9593,33.9293,11.2728,32.2412,46.1866,10.184,6.4079,4.29,0.005709048,0.011749398,0.014154898,0.007607184,-0.020228512,0.062443585,0.06128627,0.2,1,0
2/28/2006,88.4629,34.3303,11.4335,32.4874,45.2617,10.8402,6.8129,4.49,0.016370493,-0.039132981,0.004885932,0.026870896,-0.041020674,0.010625805,-0.020134112,0.1,1,0
3/31/2006,89.923,33.0128,11.4895,33.3722,43.4426,10.956,6.6771,4.59,0.012552801,0.015527301,0.002147481,-0.010355421,-0.116037714,-0.018758266,-0.018684503,0.2,1,0
4/28/2006,91.0589,33.5294,11.5142,33.0284,38.6831,10.7524,6.5535,4.79,-0.030584126,-0.070454491,0.048152239,0.033283509,-0.123531032,-0.056670543,-0.005738567,0.15,1,0
5/31/2006,88.3161,31.2484,12.0822,34.1462,34.1879,10.16,6.516,4.94,0.002640423,0.024579898,-0.016001943,-0.00499397,0.01848384,0.070506162,0.06785656,0.05,1,0
6/30/2006,88.5496,32.026,11.8904,33.9761,34.8257,10.9022,6.9735,4.99,0.004468846,0.016192429,0.033819129,0.042956628,0.065891311,0.021990472,0.084556225,0.25,1,0
7/31/2006,88.9462,32.5488,12.2994,35.4674,37.1977,11.1446,7.5888,5.24,0.021587485,0.096603065,0.006943656,0.038957815,0.082627407,0.03942914,0.037299035,0.01,1,0
8/31/2006,90.8872,35.85,12.3851,36.8764,40.4018,11.5928,7.8772,5.25,0.026635991,0.001290659,0.00402094,0.004321333,-0.054388353,0.053949174,0.044918604,0,0,0
9/29/2006,93.3406,35.8963,12.435,37.0361,38.2631,12.2354,8.2391,5.25,0.031030371,0.027436394,0.044649642,0.037182058,-0.008572276,0.007401802,0.060962266,0,0,0
10/31/2006,96.2824,36.8948,13.0028,38.4391,37.9365,12.3263,8.757,5.25,0.019690125,-0.00951256,0.008973065,-0.016676125,0.006130918,-0.020407533,-0.00998459,0,0,0
11/30/2006,98.197,36.5455,13.12,37.8034,38.1698,12.0773,8.67,5.25,0.013279462,0.02329712,0.029869552,0.001667771,0.090519121,0.063757827,0.052846298,-0.01,0,1
12/29/2006,99.5097,37.4069,13.5178,37.8665,41.7861,12.8724,9.1405,5.24,0.014927764,0.014024262,-0.007693488,0.011743328,-0.027739589,0.044733418,0.061696842,0.01,1,0
1/31/2007,101.0063,37.9352,13.4142,38.3138,40.6429,13.4613,9.7222,5.25,-0.019811557,-0.021502652,-0.025382418,-0.053851917,-0.001531575,-0.029507026,-0.022309934,0.01,1,0
2/28/2007,99.0249,37.1282,13.078,36.3051,40.5807,13.0699,9.5077,5.26,0.011535344,-0.005209055,0.035078664,-0.043352847,0.015592174,0.013806423,0.069030034,0,0,0
3/30/2007,100.1738,36.9353,13.5449,34.7648,41.2184,13.2516,10.1872,5.26,0.043342031,0.024936054,0.083692822,0.063646777,0.001699252,0.01743741,-0.009171029,-0.01,0,1
4/30/2007,104.611,37.8679,14.7273,37.0494,41.2885,13.4847,10.0942,5.25,0.033357356,-0.013286388,0.015215722,-0.008388799,0.031718499,0.13113507,0.065481069,0,0,0
5/31/2007,108.1594,37.3681,14.9531,36.7399,42.6191,15.3742,10.7773,5.25,-0.014755226,-0.037843054,-0.006319624,-0.026423974,-0.068576311,-0.055739166,0.003861777,0,0,0
6/29/2007,106.5752,35.9804,14.8589,35.7818,39.7944,14.5407,10.819,5.25,-0.031810931,0.016464419,-0.00382995,-0.018344067,-0.054445487,0.044317498,-0.049344436,0.01,1,0
7/31/2007,103.2383,36.5777,14.8021,35.1314,37.6857,15.1996,10.2981,5.26,0.012750809,0.054271955,0.031540091,0.027781865,0.032101638,-0.017521487,0.017967177,-0.24,0,1
8/31/2007,104.5631,38.6177,15.2764,36.1211,38.9151,14.9356,10.4848,5.02,0.037970005,0.074194716,0.072434526,0.061357345,-0.032101638,0.055730528,0.059394074,-0.08,0,1
9/28/2007,108.6097,41.5919,16.424,38.4068,37.6857,15.7916,11.1264,4.94,0.013474813,-0.006779049,0.071992104,-0.008098988,0.014755653,0.049092871,-0.003971422,-0.18,0,1
10/31/2007,110.0831,41.3109,17.65,38.097,38.2459,16.5862,11.0823,4.76,-0.039502613,0.062449422,0.010875491,0.044863898,0.112457344,-0.064092467,-0.089561685,-0.27,0,1
11/30/2007,105.8193,43.973,17.843,39.8451,42.7981,15.5565,10.1329,4.49,-0.011396273,-0.007867495,-0.011827786,-0.015471012,0.056552804,0.011046657,0.084042208,-0.25,0,1
12/31/2007,104.6202,43.6284,17.6332,39.2334,45.2882,15.7293,11.0213,4.24,-0.062366541,-0.110297098,-0.039379971,-0.054850024,-0.135202728,-0.107734702,-0.066579685,-0.3,0,1
1/31/2008,98.2947,39.0722,16.9523,37.1394,39.561,14.1228,10.3114,3.94,-0.026182485,0.011549997,-0.009197265,-0.012318626,-0.08966074,-0.066823964,-0.099918606,-0.96,0,1
2/29/2008,95.7545,39.5261,16.7971,36.6847,36.1683,13.2099,9.3309,2.98,-0.00907246,0.057116247,0.046794917,0.045895582,-0.300385817,0.003566709,0.094970098,-0.37,0,1
3/31/2008,94.8897,41.8494,17.6018,38.4076,26.7838,13.2571,10.2605,2.61,0.04656169,-0.038296873,-0.033406427,0.033649834,-0.051659254,0.070320084,0.020909441,-0.33,0,1
4/30/2008,99.4124,40.277,17.0235,39.722,25.4353,14.2229,10.4773,2.28,0.015003706,-0.015026554,-0.027731413,0.001778288,0.047285123,-0.000260178,0.030270305,-0.3,0,1
5/30/2008,100.9152,39.6763,16.5579,39.7927,26.6669,14.2192,10.7993,1.98,-0.087193004,-0.082658517,-0.090111101,-0.036623912,-0.264853589,-0.08316484,-0.169176,0.02,1,0
6/30/2008,92.4888,36.5286,15.1311,38.3617,20.462,13.0845,9.1185,2,-0.00902657,0.080230951,-0.009275525,0.062213027,0.067391877,-0.02708992,-0.077299312,0.01,1,0
7/31/2008,91.6577,39.5801,14.9914,40.8241,21.8885,12.7348,8.4402,2.01,0.015336038,0.063460853,0.011005561,0.034644138,0.081031498,0.031238892,0.037589364,-0.01,0,1
8/29/2008,93.0742,42.1733,15.1573,42.2632,23.736,13.1389,8.7635,2,-0.099127859,-0.001148305,0.022428725,-0.016463408,-0.181730225,-0.090229077,-0.136085818,-0.19,0,1
9/30/2008,84.2905,42.1249,15.5011,41.5731,19.7917,12.0053,7.6485,1.81,-0.180547605,-0.069987179,-0.182475106,-0.121724527,-0.067616258,-0.061953564,-0.026013678,-0.84,0,1
10/31/2008,70.3668,39.2775,12.9156,36.8085,18.4977,11.2841,7.4521,0.97,-0.072147868,-0.0029475,0.070166989,-0.03818399,-0.121744064,0.09570406,0.06472637,-0.58,0,1
11/28/2008,65.4688,39.1619,13.8544,35.4295,16.3774,12.4174,7.9504,0.39,0.009787168,-0.040110034,-0.034737189,0.02111368,0.235915935,0.037570301,-0.002102732,-0.23,0,1
12/31/2008,66.1127,37.6222,13.3814,36.1855,20.7349,12.8928,7.9337,0.16,-0.085682438,-0.119104272,-0.057972869,-0.036423838,0.063007924,-0.112237199,-0.131385537,-0.01,0,1
1/30/2009,60.6839,33.3978,12.6277,34.8912,22.0834,11.524,6.9569,0.15,-0.113671174,-0.123462681,-0.044763896,-0.134678471,-0.365843286,-0.045900383,-0.03513701,0.07,1,0
2/27/2009,54.1635,29.5188,12.0749,30.4948,15.3173,11.007,6.7167,0.22,0.08018202,-0.022674751,0.08345846,0.050692192,0.064535257,0.056886328,0.058423116,-0.04,0,1
3/31/2009,58.6853,28.857,13.1259,32.0805,16.3384,11.6513,7.1208,0.18,0.094716235,0.057529139,-0.02069119,-0.004573965,0.11667256,0.019017588,0.032455444,-0.03,0,1
4/30/2009,64.5155,30.5658,12.8571,31.9341,18.3603,11.875,7.3557,0.15,0.056808049,0.04932937,0.132719255,0.060966996,0.123058889,-0.036244767,-0.032933033,0.03,1,0
5/29/2009,68.2866,32.1114,14.6819,33.9416,20.7646,11.4523,7.1174,0.18,-0.000673858,-0.016304018,-0.015685762,0.029299958,-0.062835148,0.04902174,0.002021167,0.03,1,0
6/30/2009,68.2406,31.5921,14.4534,34.9508,19.5,12.0277,7.1318,0.21,0.071954653,0.090764495,0.037826937,0.069532532,0.116268499,0.058609103,0.071709389,-0.05,0,1
7/31/2009,73.3318,34.5937,15.0106,37.4675,21.9043,12.7537,7.662,0.16,0.03627306,-0.025541899,-0.02170536,0.000579001,-0.002143428,-0.032643209,-0.006888721,0,0,0
8/31/2009,76.0406,33.7213,14.6883,37.4892,21.8574,12.3441,7.6094,0.16,0.034843236,0.068041289,0.104224273,0.007417235,-0.111727947,-0.02511821,0.036199135,-0.01,0,1
9/30/2009,78.7368,36.0956,16.3018,37.7683,19.5468,12.0379,7.8899,0.15,-0.01941201,0.009004759,-0.007289506,-0.030684453,0.035698696,-0.006684584,-0.035345293,-0.03,0,1
10/30/2009,77.2231,36.4221,16.1834,36.627,20.2572,11.9577,7.6159,0.12,0.059782779,0.072321747,0.077574651,0.070039275,0.099679758,0.061281133,0.048290458,0,0,0
11/30/2009,81.9805,39.1538,17.4888,39.2843,22.3805,12.7134,7.9927,0.12,0.018893222,-0.027973725,-0.003499782,0.024677525,0.061218187,0.051717167,0.039652745,0,0,0
12/31/2009,83.5441,38.0737,17.4277,40.2658,23.7934,13.3882,8.316,0.12,-0.03701932,0.022313328,-0.049447667,-0.024359383,0.079437962,-0.10399043,-0.084993213,-0.01,0,1
1/29/2010,80.5079,38.9328,16.5869,39.2968,25.7606,12.0659,7.6384,0.11,0.030717795,0.027717143,-0.028608323,0.009875548,0.025725421,-0.016798831,-0.021931778,0.02,1,0
2/26/2010,83.0193,40.027,16.1191,39.6868,26.4319,11.8649,7.4727,0.13,0.059122426,-0.000157406,0.050510686,0.034325029,-0.035775522,0.069756177,0.04067264,0.03,1,0
3/31/2010,88.0756,40.0207,16.9542,41.0727,25.503,12.7221,7.7829,0.16,0.015351229,-0.010100639,-0.028586537,-0.013900962,-0.074072381,-0.055205871,0.02472113,0.04,1,0
4/30/2010,89.4381,39.6185,16.4764,40.5057,23.6822,12.0388,7.9777,0.2,-0.082788127,-0.017364067,-0.039106617,-0.088850519,-0.041768652,-0.048923077,-0.069927161,0,0,0
5/28/2010,82.3319,38.9365,15.8445,37.062,22.7134,11.464,7.4389,0.2,-0.053131004,-0.018337724,-0.016738124,0.012950691,-0.019225249,0.017998256,-0.004527028,-0.02,0,1
6/30/2010,78.0717,38.229,15.5815,37.5451,22.2809,11.6722,7.4053,0.18,0.066069834,0.027337465,0.094916279,-0.016559266,0.069696665,0.120777127,0.086960736,0,0,0
7/30/2010,83.4041,39.2885,17.1329,36.9285,23.8892,13.1706,8.0781,0.18,-0.046024046,-0.02466506,0.013916685,-0.00926056,0.040862849,0.016043004,0.041156176,0.01,1,0
8/31/2010,79.6525,38.3313,17.373,36.5881,24.8856,13.3836,8.4175,0.19,0.085768438,0.005014629,0.053670884,0.083088028,0.105155557,0.098595101,0.056457247,0,0,0
9/30/2010,86.7857,38.524,18.3309,39.758,27.645,14.7704,8.9064,0.19,0.037490512,0.065872027,0.046738698,0.028321429,0.02641948,0.011129142,0.01176471,0,0,0
10/29/2010,90.1011,41.1471,19.208,40.9001,28.3851,14.9357,9.0118,0.19,0,-0.040121401,0.036638328,-0.026331359,0.012954261,-0.014574381,-0.025921757,0,0,0
11/30/2010,90.1011,39.5289,19.9248,39.8372,28.7552,14.7196,8.7812,0.19,0.064704571,0.052005178,0.040335246,0.004862997,-0.007988646,0.111340048,0.05563633,-0.01,0,1
12/31/2010,96.1238,41.639,20.7449,40.0314,28.5264,16.4532,9.2836,0.18,0.023032856,-0.011482857,-0.045412153,-0.034209633,0.128220026,0.008882708,-0.050762788,-0.01,0,1
1/31/2011,98.3635,41.1636,19.8239,38.6851,32.4289,16.6,8.8241,0.17,0.034147751,-0.001268915,0.016881605,0.036572482,0.036594488,0.035843841,0.03077681,-0.01,0,1
2/28/2011,101.7804,41.1114,20.1614,40.1261,33.6376,17.2058,9.0999,0.16,0.000107088,-0.023267078,0.04438879,-0.036295928,0.062498916,0.042945069,0.075638215,-0.02,0,1
3/31/2011,101.7913,40.1659,21.0765,38.6958,35.807,17.9608,9.8149,0.14,0.028549767,0.060353503,0.016740454,0.103637139,0.085405421,-0.007118502,0.030542852,-0.04,0,1
4/29/2011,104.7393,42.6647,21.4323,42.9213,38.9995,17.8334,10.1193,0.1,-0.011277867,0.031844499,-0.009681707,0.032270884,-0.005703486,-0.022759769,0.014032495,-0.01,0,1
5/31/2011,103.5647,44.0452,21.2258,44.329,38.7777,17.4321,10.2623,0.09,-0.01703124,-0.052549731,0.014350643,-0.01150768,0.055655993,0.008095822,-0.004756821,0,0,0
6/30/2011,101.8158,41.7904,21.5326,43.8218,40.9971,17.5738,10.2136,0.09,-0.020207558,-0.025122469,0.010643214,-0.026351782,-0.038538264,-0.040617402,-0.05722868,-0.02,0,1
7/29/2011,99.779,40.7536,21.763,42.6821,39.4472,16.8743,9.6455,0.07,-0.056544422,0.034994518,0.035248803,0.024295898,-0.043445285,0.024492693,-0.027027252,0.03,1,0
8/31/2011,94.2936,42.205,22.5438,43.7318,37.7701,17.2927,9.3883,0.1,-0.071978438,-0.007883141,-0.035110964,-0.032591284,-0.026356952,0.017409889,0.001405018,-0.02,0,1
9/30/2011,87.745,41.8736,21.766,42.3295,36.7876,17.5964,9.4015,0.08,0.103591215,0.020814218,0.011188666,0.010930021,0.039745836,0.018758643,0.042400496,-0.01,0,1
10/31/2011,97.3221,42.7543,22.0109,42.7947,38.2792,17.9296,9.8087,0.07,-0.004072105,0.009024908,-0.009008741,0.014372313,0.016123572,0.020076428,-0.011319135,0.01,1,0
11/30/2011,96.9266,43.1419,21.8135,43.4142,38.9014,18.2932,9.6983,0.08,0.01038574,0.032604446,0.039946006,0.013200764,0.041776774,0.061420486,0.04255317,-0.01,0,1
12/30/2011,97.9385,44.5717,22.7025,43.9911,40.561,19.452,10.1199,0.07,0.04533183,-0.048666214,-0.035495385,0.005020214,0.02166398,-0.050314305,-0.013109398,0.01,1,0
1/31/2012,102.4804,42.4545,21.9108,44.2125,41.4493,18.4975,9.9881,0.08,0.042489761,0.070133992,0.033921633,-0.003870642,0.07368206,0.011876752,0.039333918,0.02,1,0
2/29/2012,106.9286,45.5389,22.6668,44.0417,44.6187,18.7185,10.3888,0.1,0.03165076,-0.006081403,0.064942941,0.01343292,0.058539043,0.003141679,0.020710433,0.03,1,0
3/30/2012,110.3671,45.2628,24.1877,44.6373,47.3086,18.7774,10.6062,0.13,-0.006698286,-0.046212231,0.030732946,-0.013124169,-0.048493011,0.067906579,0.066518302,0.01,1,0
4/30/2012,109.6303,43.2187,24.9426,44.0553,45.0692,20.0968,11.3357,0.14,-0.061934424,-0.02144127,-0.021051874,-0.032258964,-0.006790374,0.030727025,0.037571395,0.02,1,0
5/31/2012,103.0464,42.3019,24.423,42.6568,44.7642,20.7239,11.7697,0.16,0.039728608,-0.01683761,0.052066242,0.07897025,0.051447982,0.065077005,0.042679619,0,0,0
6/29/2012,107.2227,41.5956,25.7283,46.162,47.1275,22.1174,12.2829,0.16,0.011760162,0.060954353,0.032834582,0.02427512,-0.135438376,0.026823745,0.073787499,0,0,0
7/31/2012,108.4911,44.2099,26.5871,47.2963,41.158,22.7187,13.2235,0.16,0.024744071,0.040238154,-0.077159503,-0.017218494,0.060936142,-0.049967421,-0.034341044,-0.03,0,1
8/31/2012,111.2091,46.0251,24.6128,46.4889,43.744,21.6114,12.7771,0.13,0.025040589,0.031786992,0.02083949,0.021711907,0.024250921,0.059447535,0.028523877,0.01,1,0
9/28/2012,114.029,47.5116,25.1311,47.5093,44.8178,22.9351,13.1468,0.14,-0.018366516,0.006325769,-0.019970402,0.027339525,0.010591269,-0.00973104,-0.074545729,0.02,1,0
10/31/2012,111.9538,47.8131,24.6342,48.8261,45.295,22.713,12.2024,0.16,0.005644411,0.008484581,0.026471026,-0.006779562,-0.02917294,-0.011718106,-0.013381603,0,0,0
11/30/2012,112.5875,48.2205,25.295,48.4962,43.9927,22.4484,12.0402,0.16,0.008957211,-0.028176032,-0.045039547,0.005293597,0.001176775,-0.019454423,-0.012385146,0,0,0
12/31/2012,113.6005,46.8808,24.181,48.7536,44.0445,22.0159,11.892,0.16,0.049923613,0.109802989,0.026944415,0.053059501,0.017723914,0.019703852,0.044552666,-0.02,0,1
1/31/2013,119.4158,52.3217,24.8414,51.4103,44.8321,22.454,12.4338,0.14,0.012678073,0.013480535,0.038974661,0.037164762,-0.032395838,0.064812655,0.03168712,0.01,1,0
2/28/2013,120.9394,53.0318,25.8287,53.3569,43.403,23.9575,12.8341,0.15,0.037271909,0.01148535,0.050693394,0.068791565,0.071874231,0.054779852,0.021483161,-0.01,0,1
3/28/2013,125.5321,53.6444,27.1718,57.1566,46.6374,25.3065,13.1128,0.14,0.019030384,0.003998007,0.045676707,0.04438269,0.046447792,0.102802567,0.032664845,0.01,1,0
4/30/2013,127.9439,53.8593,28.4417,59.7505,48.8547,28.0465,13.5482,0.15,0.023335171,-0.000129977,-0.056868285,-0.004856924,0.044068566,-0.106163077,-0.068217107,-0.04,0,1
5/31/2013,130.9646,53.8523,26.8694,59.461,51.0558,25.2216,12.6548,0.11,-0.013450148,0.002992604,0.009906333,0.019761077,0.048855637,0.037646342,0.011650739,-0.02,0,1
6/28/2013,129.2149,54.0137,27.1369,60.6477,53.6121,26.1892,12.8031,0.09,0.05038575,0.049576516,-0.000748339,0.085242503,0.106657329,-0.007215959,0.008887911,0,0,0
7/31/2013,135.8923,56.759,27.1166,66.0442,59.6463,26.0009,12.9174,0.09,-0.030451098,-0.030472467,-0.048566894,-0.071420382,-0.015353754,-0.043367772,-0.041677473,-0.01,0,1
8/30/2013,131.8166,55.0555,25.8311,61.4918,58.7375,24.8974,12.3901,0.08,0.031189645,-0.029973125,-0.000631221,0.003235842,0.001903274,-0.014992906,-0.00029867,0,0,0
9/30/2013,135.9927,53.4298,25.8148,61.6911,58.8494,24.5269,12.3864,0.08,0.045266724,0.073682357,0.043647384,0.066057946,-0.047909999,0.090405957,0.081502301,0.01,1,0
10/31/2013,142.2901,57.5153,26.9665,65.9039,56.0964,26.8476,13.4382,0.09,0.029206643,0.042073539,0.022491892,0.028799583,0.087206261,-0.017775006,-0.027728314,-0.01,0,1
11/29/2013,146.5072,59.9868,27.5799,67.8295,61.208,26.3746,13.0707,0.08,0.025566041,-0.033933283,0.027486872,-0.032968866,0.014743413,-0.009723093,-0.001416382,0.01,1,0
12/31/2013,150.3011,57.9854,28.3485,65.6297,62.1171,26.1194,13.0522,0.09,-0.035884115,-0.053076275,-0.088267643,-0.034659118,-0.040932947,-0.012187569,-0.040408038,-0.02,0,1
1/31/2014,145.0033,54.988,25.9535,63.394,59.6258,25.803,12.5353,0.07,0.04451008,0.02627574,0.009998588,0.047614659,0.066758457,-0.009203952,-0.042609215,0,0,0
2/28/2014,151.6032,56.452,26.2143,66.4855,63.7422,25.5666,12.0124,0.07,0.008276823,0.024364199,0.019866727,0.064218851,0.062893144,-0.000211235,0.093799993,0.01,1,0
3/31/2014,152.8632,57.8443,26.7403,70.8952,67.8799,25.5612,13.1937,0.08,0.006927264,0.031881913,0.053628796,0.030676251,-0.088575386,-0.006881675,0.030756729,0.01,1,0
4/30/2014,153.9258,59.7182,28.2135,73.1037,62.126,25.3859,13.6058,0.09,0.022940822,-0.021550691,0.002937535,0.008586398,0.059369837,0.06683686,-0.006459247,0,0,0
5/30/2014,157.4978,58.445,28.2965,73.7341,65.9261,27.1406,13.5182,0.09,0.020423943,-0.027608357,0.042350203,0.030670512,0.030983582,-0.020834087,-0.003104339,0.01,1,0
6/30/2014,160.7476,56.8535,29.5206,76.0306,68.0007,26.581,13.4763,0.1,-0.013528942,-0.008372167,-0.07523533,-0.044265073,-0.008598538,0.040809655,0.019335031,-0.01,0,1
7/31/2014,158.5875,56.3795,27.3811,72.7385,67.4185,27.6882,13.7394,0.09,0.038704607,0.072212378,0.060011946,0.042487894,0.067156774,-0.011971753,-0.017859453,0,0,0
8/29/2014,164.8459,60.6014,29.0746,75.8956,72.1016,27.3587,13.4962,0.09,-0.013887042,0.007552094,0.02952414,0.027198821,-0.000683991,0.003408091,0.007977755,0,0,0
9/30/2014,162.5725,61.0608,29.9458,77.9882,72.0523,27.4521,13.6043,0.09,0.023277684,0.048901834,-0.018452231,0.011102646,0.096731999,0.016155347,0.001586474,0,0,0
10/31/2014,166.4012,64.121,29.3983,78.8589,79.3703,27.8992,13.6259,0.09,0.02710157,0.035569504,0.074931781,0.010820174,0.037393231,0.006744424,0.015380997,0,0,0
11/28/2014,170.9726,66.4428,31.6858,79.7168,82.3944,28.088,13.8371,0.09,-0.002563342,0.007271505,-0.059985344,-0.034586624,0.028348732,-0.078300303,-0.051920714,0.03,1,0
12/31/2014,170.5349,66.9277,29.841,77.0068,84.7636,25.9726,13.137,0.12,-0.030076936,-0.070515715,-0.025182914,-0.043287313,0.049783134,-0.011302399,-0.006077654,-0.01,0,1
1/30/2015,165.4821,62.3708,29.0989,73.7445,89.0902,25.6807,13.0574,0.11,0.0546816,0.00991528,0.050443417,0.030347952,0.067152743,0.078644992,0.048617286,0,0,0
2/27/2015,174.7829,62.9923,30.6044,76.0168,95.2783,27.7819,13.7079,0.11,-0.015869939,-0.038191339,-0.05751675,-0.018807159,0.043513338,-0.016721772,-0.056853355,0,0,0
3/31/2015,172.031,60.6319,28.8938,74.6005,99.5157,27.3212,12.9503,0.11,0.009785657,-0.021948817,0.000245697,-0.014014543,-0.060012343,0.047678949,0.07345692,0.01,1,0
4/30/2015,173.7227,59.3156,28.9009,73.5623,93.7192,28.6554,13.9374,0.12,0.012774182,-0.014185815,0.009812979,0.016726662,0.076113629,-0.02002439,-0.002888493,0,0,0
5/29/2015,175.9561,58.4801,29.1859,74.8031,101.131,28.0873,13.8972,0.12,-0.020304651,-0.001915304,-0.034956112,-0.027126889,0.018962556,-0.058946668,0.027977574,0.01,1,0
6/30/2015,172.4194,58.3682,28.1833,72.8012,103.067,26.4795,14.2915,0.13,0.021906041,-0.011711641,0.046077522,0.027825814,-0.004930294,0.015595574,-0.008784932,0,0,0
7/31/2015,176.2381,57.6886,29.5123,74.8554,102.5601,26.8957,14.1665,0.13,-0.063307121,-0.08188127,-0.043788007,-0.056367554,-0.048091014,-0.016812349,-0.045342544,0.01,1,0
8/31/2015,165.4268,53.1532,28.2479,70.7527,97.7446,26.4473,13.5385,0.14,-0.025307454,0.017811132,0.028759833,-0.006726201,0.007012064,-0.055866334,-0.018856737,0,0,0
9/30/2015,161.2928,54.1084,29.0721,70.2784,98.4324,25.0103,13.2856,0.14,0.081843445,0.068856839,0.054092747,0.079060635,0.015141951,0.08740114,0.042239668,-0.02,0,1
10/30/2015,175.0488,57.9654,30.688,76.0602,99.9342,27.2946,13.8588,0.12,0.003648318,-0.020369816,0.013975787,0.009369564,-0.044000295,-0.030979139,0.004765376,0,0,0
11/30/2015,175.6886,56.7966,31.1199,76.7762,95.6324,26.462,13.925,0.12,-0.017327956,0.05927338,0.007943967,0.014512001,0.047051645,0.016799371,0.021736898,0.12,1,0
12/31/2015,172.6705,60.2649,31.3681,77.8985,100.2396,26.9103,14.231,0.24,-0.051068828,0.037010136,-0.000931316,0.016606217,-0.021306877,0.090347772,0.060833754,0.1,1,0
1/29/2016,164.0738,62.5371,31.3389,79.2029,98.1264,29.4548,15.1236,0.34,-0.000826189,-0.017285566,0.004882934,0.014519803,0.033641751,0.015095237,0.024377113,0.04,1,0
2/29/2016,163.9383,61.4654,31.4923,80.3613,101.4837,29.9028,15.4968,0.38,0.065078098,0.024847596,0.08057725,0.028024029,0.083193305,0.063945173,0.058347558,-0.02,0,1
3/31/2016,174.9619,63.0118,34.1349,82.6452,110.2876,31.8774,16.4279,0.36,0.003933113,-0.018837908,-0.034876962,0.035231335,0.021337966,-0.049314968,0.003372705,0.01,1,0
4/29/2016,175.6514,61.8359,32.9649,85.6088,112.6662,30.3435,16.4834,0.37,0.01686846,0.011418184,-0.004472308,0.012504313,0.014999724,-0.00078466,0.008463543,0,0,0
5/31/2016,178.6395,62.546,32.8178,86.686,114.3689,30.3197,16.6235,0.37,0.003491445,0.043818428,0.023962671,0.073626315,0.059346154,0.092626957,0.098670518,0.01,1,0
6/30/2016,179.2643,65.3476,33.6137,93.3092,121.3617,33.2623,18.3474,0.38,0.035821952,0.018623438,-0.038223879,0.031884963,0.014064895,0.002264265,0.012926114,0.01,1,0
7/29/2016,185.8023,66.576,32.3531,96.3323,123.0807,33.3377,18.5861,0.39,0.001196793,0.019896574,-0.004597439,-0.041526273,-0.051220303,-0.057190351,-0.057280271,0.01,1,0
8/31/2016,186.0248,67.9139,32.2047,92.4139,116.9352,31.4846,17.5514,0.4,7.79436E-05,0.027562323,-0.017646015,-0.010190919,0.033239599,-0.006711456,-0.006625361,0,0,0
9/30/2016,186.0393,69.8118,31.6414,91.4769,120.8874,31.274,17.4355,0.4,-0.017489246,-0.025624981,0.001888145,-0.01828104,0.00945491,-0.066155654,-0.086607372,0,0,0
10/31/2016,182.8139,68.0456,31.7012,89.8198,122.0358,29.272,15.989,0.4,0.036176233,-0.051293604,-0.041086609,-0.034364732,0.11746122,0.036738237,0.048805055,0.01,1,0
11/30/2016,189.5485,64.6433,30.4251,86.7856,137.2461,30.3674,16.7887,0.41,0.020080494,0.019455777,0.027138576,0.034527266,0.010805111,0.067414936,0.096177811,0.13,1,0
12/30/2016,193.3932,65.9133,31.2621,89.8344,138.7371,32.4852,18.4836,0.54,0.017736407,0.048864357,0.002648263,-0.017158788,0.012789689,-0.074626212,0.003052101,0.11,1,0
1/31/2017,196.8539,69.2141,31.345,88.3061,140.5229,30.1492,18.5401,0.65,0.038539304,0.038847443,0.009338933,0.082640684,0.020032429,0.012571071,-0.008814305,0.01,1,0
2/28/2017,204.5886,71.9558,31.6391,95.9138,143.3663,30.5306,18.3774,0.66,0.001257344,-0.013486256,0.020137786,0.018966396,-0.00460301,-0.017888808,-0.005762761,0.13,1,0
3/31/2017,204.846,70.9919,32.2827,97.7503,142.7079,29.9893,18.2718,0.79,0.009877054,-0.020781584,0.016591913,-0.008708886,0.064172804,-0.048168469,-0.035314561,0.11,1,0
4/28/2017,206.8793,69.5318,32.8228,96.9027,152.1661,28.579,17.6378,0.9,0.014014398,0.00866627,0.05237184,0.04454782,0.001713762,0.015774709,-0.028145283,0.01,1,0
5/31/2017,209.799,70.137,34.5876,101.3171,152.4271,29.0334,17.1483,0.91,0.006353967,-0.010729324,-0.005546236,0.031015119,0.060958651,-0.043378497,-0.02098455,0.13,1,0
6/30/2017,211.1363,69.3885,34.3963,104.5087,162.0079,27.8009,16.7922,1.04,0.020345638,0.049024497,0.021832078,0.003245176,0.033881985,0.093602106,0.046200011,0.11,1,0
7/31/2017,215.476,72.875,35.1555,104.8484,167.5911,30.5288,17.5862,1.15,0.002913478,0.015839584,-0.006346274,0.003718457,0.036296998,-0.008923108,-0.040286206,0.01,1,0
8/31/2017,216.1047,74.0385,34.9331,105.239,173.7859,30.2576,16.8918,1.16,0.019941013,-0.014079213,-0.003932366,-0.017989792,-0.01167586,0.031193002,0.044638098,-0.01,0,1
9/29/2017,220.4573,73.0034,34.796,103.3627,171.7686,31.2163,17.6629,1.15,0.023290407,-0.044846218,0.021322381,0.069808372,0.070805606,-0.021264791,-0.139283087,0,0,0
10/31/2017,225.6521,69.8018,35.5459,110.8361,184.3717,30.5595,15.3664,1.15,0.030108243,0.041406221,0.003471163,0.00548943,0.0852181,0.061176719,0.078008233,0.01,1,0
11/30/2017,232.5494,72.7527,35.6695,111.4462,200.7724,32.4874,16.6131,1.16,0.012014006,0.020783795,0.002402528,0.002795646,-0.034375111,0.0393037,0.066458729,0.14,1,0
12/29/2017,235.3601,74.2806,35.7553,111.7582,193.9881,33.7897,17.7547,1.3,0.054828251,-0.054571742,0.036592261,-0.011010824,0.071415341,0.032677452,-0.024222707,0.11,1,0
1/31/2018,248.6248,70.3356,37.0879,110.5344,208.3485,34.9121,17.3298,1.41,-0.037037925,-0.09494045,-0.096318294,-0.055678576,-0.045888741,-0.124510669,-0.031191544,0.01,1,0
2/28/2018,239.5847,63.9651,33.6823,104.5482,199.0037,30.8249,16.7976,1.42,-0.02779817,0.009632177,0.013713972,-0.013409681,-0.051934668,0.001675811,-0.018069596,0.09,1,0
3/29/2018,233.0164,64.5842,34.1474,103.1556,188.9323,30.8766,16.4968,1.51,0.005154996,-0.082084247,-0.005076205,-0.013037872,0.099549313,0.043987535,-0.072252923,0.18,1,0
4/30/2018,234.2207,59.4946,33.9745,101.8194,208.7084,32.2651,15.3469,1.69,0.024017943,0.011407991,-0.004874331,-0.048461843,0.021385496,-0.034635934,-0.01169259,0.01,1,0
5/31/2018,239.9143,60.1772,33.8093,97.0027,213.2198,31.1667,15.1685,1.7,0.00573889,0.064692534,0.02871192,0.014276584,0.019243828,0.053903572,-0.006514896,0.12,1,0
6/29/2018,241.2951,64.1989,34.7941,98.3975,217.3627,32.8928,15.07,1.82,0.036377013,0.044557068,0.061243028,0.088137719,0.031613647,0.037652272,0.011060045,0.09,1,0
7/31/2018,250.2343,67.1241,36.9916,107.4637,224.3441,34.1549,15.2376,1.91,0.031420839,0.025270879,-0.045183154,0.022889881,0.058443212,0.051517834,-0.000938909,0,0,0
8/31/2018,258.2217,68.842,35.3574,109.9519,237.8462,35.9606,15.2233,1.91,0.005930755,0.003370161,0.044177014,0.02550951,-0.005723397,-0.018189718,0.050074025,0.04,1,0
9/28/2018,259.7577,69.0744,36.9544,112.7928,236.4888,35.3124,16.005,1.95,-0.071608145,0.072324971,0.035932264,0.013085944,-0.017785979,0.077902141,-0.075507553,0.24,1,0
10/31/2018,241.8073,74.2553,38.3064,114.2785,232.3198,38.1733,14.841,2.19,0.018379538,0.063671372,0.059224398,0.054527164,0.076968279,0.054703865,0.018088892,0.01,1,0
11/30/2018,246.2927,79.137,40.6436,120.6828,250.9072,40.3197,15.1119,2.2,-0.092045584,-0.027786879,-0.062422183,-0.129552009,-0.121700611,-0.070059562,-0.090393719,0.07,1,0
12/31/2018,224.6346,76.9683,38.1841,106.0185,222.1566,37.5916,13.8058,2.27,0.077021763,0.056195361,0.01633862,0.030750822,0.08122807,-0.010345524,0.068693436,0.13,1,0
1/31/2019,242.6201,81.4174,38.8131,109.3293,240.9551,37.2047,14.7875,2.4,0.031901395,0.021331362,-0.059718283,0.032985336,-0.109315998,0.033225244,0.034652129,0,0,0
2/28/2019,250.4848,83.1728,36.5631,112.9957,216.0035,38.4616,15.3089,2.4,0.017917461,0.054307403,0.041691674,0.022791382,0.024379617,0.038090977,0.007684862,0.01,1,0
3/29/2019,255.0133,87.8146,38.1197,115.6006,221.3343,39.9549,15.427,2.41,0.040040349,0.030107712,0.045878171,0.010035924,-0.059101815,-0.023095399,0.003100135,0.01,1,0
4/30/2019,265.4313,90.4987,39.9093,116.7666,208.6321,39.0427,15.4749,2.42,-0.065895499,-0.034102489,0.00142722,-0.06701707,0.036772376,-0.050933834,-0.012353944,-0.03,0,1
5/31/2019,248.5044,87.4645,39.9663,109.1977,216.4468,37.1039,15.2849,2.39,0.067277575,0.063439615,0.043576621,0.060144805,0.013489769,0.04988315,0.091497024,-0.01,0,1
6/28/2019,265.7984,93.193,41.7464,115.9669,219.3864,39.0017,16.7494,2.38,0.015006566,0.080169649,0.033032117,-0.067260873,0.020284122,-0.022475362,0.031077367,0.02,1,0
7/31/2019,269.8172,100.9719,43.1484,108.4234,223.8819,38.1349,17.2781,2.4,-0.016885316,0.018383657,0.044773351,-0.006980369,-0.06217189,0.050969392,0.034919471,-0.27,0,1
8/30/2019,265.2995,102.8453,45.1242,107.6692,210.3866,40.129,17.8921,2.13,0.019291827,0.033934546,-0.003616568,0.007915155,-0.06933784,0.037127671,0.07061871,-0.09,0,1
9/30/2019,270.4673,106.3952,44.9613,108.5248,196.2931,41.6469,19.2013,2.04,0.021863576,0.007420107,-0.000182396,0.020350865,0.150832131,0.012152459,0.030703953,-0.21,0,1
10/31/2019,276.4458,107.1876,44.9531,110.756,228.2499,42.1561,19.8,1.83,0.035558646,-0.019873832,-0.011641789,0.047347086,0.102121979,-0.003809782,-0.029262382,-0.28,0,1
11/29/2019,286.4527,105.0784,44.4328,116.1261,252.791,41.9958,19.229,1.55,0.028619929,0.02300083,0.035864913,0.059164848,0.053033673,0.019071288,0.044474373,0,0,0
12/31/2019,294.7694,107.5233,46.0553,123.204,266.5593,42.8044,20.1035,1.55,-0.000403787,0.003705809,0.053638697,0.020358064,-0.076056586,-0.02204505,-0.024762503,0,0,0
1/31/2020,294.6504,107.9225,48.5931,125.7379,247.0375,41.8711,19.6118,1.55,-0.082475522,-0.095848118,-0.087821584,-0.095168307,-0.066348277,-0.093025534,-0.065918915,0.03,1,0
2/28/2020,271.3241,98.0586,44.5076,114.3234,231.1789,38.1517,18.3607,1.58,-0.133122845,-0.028940567,-0.18121584,-0.025226438,-0.018166965,-0.007971042,-0.189160534,-0.93,0,1
3/31/2020,237.5056,95.2614,37.1307,111.4755,227.017,37.8488,15.1963,0.65,0.119544623,0.075702385,0.036393325,0.134713017,0.159384521,0.077594355,0.06153658,-0.6,0,1
4/30/2020,267.6649,102.7529,38.5069,127.5512,266.243,40.9026,16.1608,0.05,0.046545165,-0.016681945,0.017068596,-0.00166346,0.041457633,-0.001220716,0.012715214,0,0,0
5/29/2020,280.4179,101.053,39.1698,127.3392,277.5128,40.8527,16.3676,0.05,0.017605108,0.031001874,-0.034840611,-0.056134532,-0.028731111,-0.040001088,-0.020623488,0.03,1,0
6/30/2020,285.3984,104.2349,37.8286,120.388,269.653,39.2508,16.0335,0.08,0.057223136,0.098458151,0.055716519,0.035828319,0.026200461,0.05307956,-0.004287721,0.01,1,0
7/31/2020,302.2061,115.0199,39.9961,124.7795,276.8114,41.3905,15.9649,0.09,0.067468666,0.053529275,0.047336466,0.057769261,0.031758147,0.030667325,0.007743246,0.01,1,0
8/31/2020,323.2991,121.3446,41.9349,132.2002,285.7435,42.6795,16.089,0.1,-0.038115759,0.004760187,0.004817292,-0.029973449,0.001638938,0.003704513,-0.044586816,-0.01,0,1
9/30/2020,311.2082,121.9236,42.1374,128.2965,286.2122,42.8379,15.3874,0.09,-0.025249573,-0.008117428,-0.02689302,-0.082356826,-0.021495063,-0.032385434,-0.035663612,0,0,0
10/30/2020,303.4487,120.9379,41.0193,118.1538,280.1257,41.4728,14.8483,0.09,0.103257489,0.012828125,0.0789873,0.060736036,0.097351755,0.058278735,0.062061266,0,0,0
11/30/2020,336.4569,122.4993,44.3907,125.5524,308.768,43.9616,15.799,0.09,0.03639554,0.001942613,0.060897694,0.084138998,0.045317832,-0.027865462,0.000341735,0,0,0
12/31/2020,348.928,122.7375,47.178,136.5734,323.0826,42.7535,15.8044,0.09,-0.010242632,-0.075794353,-0.130098642,0.035884061,-0.049991461,-0.059849255,0.013231157,0,0,0
1/29/2021,345.3723,113.7785,41.4227,141.5632,307.3283,40.2698,16.0149,0.09,0.027425807,-0.037185389,0.017294132,-0.022825122,-0.004085407,0.009997094,-0.026184524,-0.01,0,1
2/26/2021,354.9755,109.6253,42.1453,138.3686,306.0753,40.6744,15.601,0.08,0.044404471,0.091970691,0.081495778,0.036496123,0.116789577,0.050252049,0.081888026,-0.01,0,1
3/31/2021,371.0932,120.1858,45.7238,143.5118,343.9928,42.7706,16.9323,0.07,0.051558166,-0.008513008,0.023806841,-0.009905931,0.069378038,0.004625648,0.054152076,0,0,0
4/30/2021,390.7279,119.167,46.8254,142.0972,368.7057,42.9689,17.8745,0.07,0.006544743,0.010661535,0.02397907,0.045480718,0.032369021,-0.02275222,-0.06510821,-0.01,0,1
5/28/2021,393.2935,120.4443,47.9618,148.7091,380.8356,42.0023,16.7478,0.06,0.022223743,0.000592629,-0.014040453,-0.027008112,-0.024548164,-0.008178142,-0.022334041,0.02,1,0
6/30/2021,402.1318,120.5157,47.2931,144.7465,371.6006,41.6602,16.3779,0.08,0.024119417,0.058981456,0.052557795,0.044287955,0.028993473,0.006736706,-0.00740928,0.02,1,0
7/30/2021,411.9489,127.8377,49.8452,151.3011,382.5323,41.9418,16.257,0.1,0.029325531,0.001124232,-0.012705461,0.011336604,0.009776842,-0.014082356,-0.02271404,-0.01,0,1
8/31/2021,424.2084,127.9815,49.2159,153.0261,386.2906,41.3553,15.8919,0.09,-0.047694746,-0.018356808,-0.063115739,-0.069537465,-0.059708358,-0.018164084,-0.015063906,-0.01,0,1
9/30/2021,404.4508,125.6536,46.2056,142.7466,363.9009,40.6109,15.6543,0.08,0.067811478,0.028785783,0.071693943,0.008508214,0.164205343,-0.007263287,-0.047976023,0,0,0
10/29/2021,432.8285,129.3232,49.6399,143.9663,428.8413,40.317,14.921,0.08,-0.008067275,0.011058062,-0.064100394,-0.036991261,-0.035927718,-0.052695018,-0.101147167,0,0,0
11/30/2021,429.3508,130.7612,46.5578,138.7381,413.7075,38.2475,13.4856,0.08,0.045248908,0.123469176,0.121230381,0.092665936,0.125781036,0.033067686,0.074675612,0,0,0
12/31/2021,449.2247,147.9452,52.5584,152.2089,469.1583,39.5334,14.5312,0.08,-0.054183057,-0.013965031,0.029947531,0.007106336,-0.060693138,0.035877251,0.055514238,0,0,0
1/31/2022,425.532,145.8935,54.1562,153.2944,441.5305,40.9775,15.3607,0.08,-0.029961325,-0.028831714,0.019959677,-0.039375147,0.006958715,0.008231539,-0.073624838,0,0,0
2/28/2022,412.9716,141.7472,55.248,147.3757,444.6137,41.3162,14.2704,0.08,0.036867571,-0.020020998,0.003624325,0.074112431,0.072205734,-0.052205548,-0.002532917,0.12,1,0
3/31/2022,428.481,138.9375,55.4486,158.713,477.9048,39.2146,14.2343,0.2,-0.091862162,0.055076216,0.041234688,0.01806064,-0.002788539,-0.083429618,0.06937076,0.13,1,0
4/29/2022,390.8736,146.8043,57.7828,161.6055,476.574,36.0757,15.2568,0.33,0.002254708,-0.082203981,-0.01922034,0.001110731,-0.023416181,0.102354536,0.121191363,0.44,1,0
5/31/2022,391.7559,135.2191,56.6828,161.7851,465.5441,39.9638,17.2225,0.77,-0.086069142,-0.028047001,-4.23418E-05,-0.01131512,0.036967162,-0.010582828,-0.015618506,0.44,1,0
6/30/2022,359.4481,131.4793,56.6804,159.9648,483.076,39.5431,16.9556,1.21,0.088091061,-0.028061338,0.019830163,-0.01698781,0.05438986,-0.081606149,-0.096574868,0.47,1,0
7/29/2022,392.5488,127.8411,57.8156,157.2703,510.0781,36.4443,15.3947,1.68,-0.041657824,-0.007007382,-0.039089823,-0.071805773,-0.043353559,-0.099629083,-0.068303169,0.65,1,0
8/31/2022,376.532,126.9484,55.5992,146.3733,488.4369,32.9884,14.3783,2.33,-0.096969502,-0.088554783,-0.089373256,0.01244299,-0.024759988,-0.096339556,-0.134025314,0.23,1,0
9/30/2022,341.7343,116.1899,50.8457,148.206,476.4917,29.9586,12.5748,2.56,0.078141292,0.071730094,0.066133745,0.062926078,0.094600634,0.001167597,0.190560682,0.52,1,0
10/31/2022,369.5089,124.8304,54.322,157.8317,523.7691,29.9936,15.2146,3.08,0.054101391,0.102191527,0.067823109,0.029301945,-0.013401178,0.042183491,0.055998402,0.7,1,0
11/30/2022,390.0505,138.2616,58.1341,162.5249,516.7968,31.2859,16.0909,3.78,-0.05929987,0.015962432,0,-0.007612974,-0.029547773,0.010717187,-0.046174716,0.32,1,0
12/30/2022,367.593,140.4863,58.1341,161.2923,501.75,31.623,15.3648,4.1,0.060988993,-0.056089549,-0.036665276,-0.077846782,-0.060229969,0.069261838,0.115640207,0.23,1,0
1/31/2023,390.7099,132.8234,56.0412,149.2125,472.4217,33.8909,17.2484,4.33,-0.025464173,-0.034439512,-0.02996198,-0.057167757,-0.047694868,-0.068702275,-0.074374699,0.24,1,0
2/28/2023,380.8864,128.3269,54.387,140.9216,450.4185,31.6407,16.0121,4.57,0.036452443,0.077803066,0.04907293,0.01128986,-0.003485721,0.002058517,0.017820421,0.08,1,0
3/31/2023,395.0268,138.7098,57.1225,142.5216,448.8512,31.7059,16.3,4.65,0.015848859,0.056642175,0.033606353,0.054610371,0.040433443,0.014848573,-0.071621213,0.18,1,0
4/28/2023,401.3374,146.7934,59.0748,150.5212,467.3717,32.1802,15.1734,4.83,0.004605445,-0.09294686,-0.072562757,-0.046666375,-0.009904642,-0.086005618,-0.116298808,0.23,1,0
5/31/2023,403.19,133.7643,54.94,143.6583,462.7654,29.5282,13.5075,5.06,0.062800237,0.062826117,0.016828839,0.065280111,-0.009611145,0.042853781,0.013895239,0.02,1,0
6/30/2023,429.3224,142.4378,55.8724,153.3492,458.339,30.8211,13.6965,5.08,0.032209115,0.035837598,0.02799939,0.012070385,0.052148943,-0.069318304,-0.076310284,0.04,1,0
7/31/2023,443.3756,147.635,57.4589,155.2114,482.8751,28.757,12.6902,5.12,-0.016385649,-0.012618995,-0.034497718,-0.028411278,-0.060631844,0.026064825,0.018418481,0.21,1,0
8/31/2023,436.1698,145.7837,55.5105,150.8637,454.4674,29.5164,12.9261,5.33,-0.048553094,-0.056510806,-0.058675653,-0.037367009,0.060220266,-0.076306298,0.015430273,0,0,0
9/29/2023,415.4983,137.7738,52.3471,145.3304,482.6764,27.3479,13.1271,5.33,-0.021947732,0.034513044,0.009070987,-0.048744683,0.060359642,0.101913733,0.044008174,0,0,0
10/31/2023,406.4784,142.6118,52.8241,138.4162,512.7078,30.282,13.7177,5.33,0.087409822,0.022996004,0.04177739,0.049628484,0.031990973,0.087177579,0.073227074,0,0,0
11/30/2023,443.6077,145.9293,55.0777,145.4589,529.375,33.0404,14.7599,5.33,0.044650793,-0.046532579,0.008349564,0.013359523,-0.045679503,-0.016574046,0.012596567,0,0,0
12/29/2023,463.864,139.2944,55.5395,147.4152,505.7374,32.4973,14.947,5.33,0.01580094,0.076168693,0.009456492,0.013686712,-0.028377612,0.133200926,0.069046393,0,0,0
1/31/2024,471.2517,150.3188,56.0672,149.4467,491.5875,37.1275,16.0155,5.33,0.050870628,0.011389218,0.008869502,0.023059456,-0.036091126,-0.056589947,-0.043908403,0,0,0
2/29/2024,495.8448,152.0406,56.5667,152.9329,474.1619,35.0848,15.3275,5.33,0.032199922,0.020612119,0.027127218,-0.019964816,0.006163035,0.047338476,0.038812866,0,0,0
3/28/2024,512.0708,155.207,58.1222,149.9099,477.0932,36.7856,15.9341,5.33,-0.041154987,0.012216402,0.009598978,-0.08989514,-0.022486637,-0.044517873,-0.024889694,0,0,0
4/30/2024,491.4243,157.1147,58.6828,137.0217,466.4847,35.1839,15.5424,5.33,0.049342119,0.008177039,0.018604779,0.022446955,0.023840173,0.041176753,0.075793182,0,0,0
5/31/2024,516.2804,158.4047,59.7848,140.1322,477.7394,36.6629,16.7662,5.33,0.034676463,0.002307242,0.019100583,-0.003483491,0.031936963,0.002182387,0.047692684,0,0,0
6/28/2024,534.4972,158.7706,60.9377,139.6449,493.2432,36.743,17.5852,5.33,0.012036223,-0.019573631,0.047404731,0.076943855,0.123426673,-0.00155252,0.022002147,0,0,0
7/31/2024,540.9694,155.6931,63.896,150.8139,558.0391,36.686,17.9764,5.33,0.023096849,0.064903716,0.082367824,0.057079469,0.024076018,0.030619992,0.033208923,0,0,0
8/30/2024,553.6095,166.1333,69.3818,159.6727,571.6375,37.8267,18.5834,5.33,0.020791563,0.009630645,-0.001683413,-0.023177143,-0.005838533,0.072244362,0.100319689,-0.2,0,1
9/30/2024,565.2404,167.741,69.2651,156.0145,568.3097,40.6606,20.5444,5.13,-0.008963691,-0.041551684,-0.095574995,-0.013668653,-0.035124332,-0.048250106,0.037240112,-0.3,0,1
10/31/2024,560.1964,160.9139,62.9516,153.8965,548.6947,38.7453,21.3239,4.83,0.057923141,0.081801156,-0.011472737,-0.022815677,0.077846462,0.051128358,0.027137465,-0.19,0,1
11/29/2024,593.6029,174.6302,62.2335,150.425,593.1152,40.7778,21.9105,4.64,-0.024394933,-0.066958516,-0.02881387,-0.069380183,-0.183787979,-0.103259728,-0.016984667,-0.16,0,1
12/31/2024,579.2972,163.3201,60.4659,140.3423,493.5384,36.7772,21.5415,4.48,0.026502034,-0.003837255,0.019406636,0.050757461,0.069909745,0.002642167,0.054012246,-0.15,0,1
1/31/2025,594.855,162.6946,61.6508,147.6496,529.2762,36.8745,22.737,4.33,-0.012776127,0.046208061,0.114907536,0.089168384,-0.132939223,0.090011658,0.144167551,0,0,0
2/28/2025,587.3034,170.3888,69.158,161.4201,463.391,40.3476,26.263,4.33,-0.057333547,-0.019869336,0.013088156,0.004956717,0.102147442,0.05110826,0.031247154,0,0,0
3/31/2025,554.5783,167.0367,70.0691,162.2222,513.2272,42.4633,27.0966,4.33,-0.008707814,-0.040801615,0.012902161,-0.059182233,-0.241351394,-0.013416401,-0.010264109,0,0,0
4/30/2025,549.7701,160.3585,70.979,152.9001,403.1736,41.8974,26.8199,4.33,0.060949101,0.044042351,-0.006222563,0.001384913,-0.309534274,-0.002272411,0.003602763,0,0,0
5/30/2025,584.3203,167.5789,70.5387,153.112,295.8442,41.8023,26.9167,4.33,0.050116646,-0.064236341,-0.011745993,-0.015976787,0.03993592,-0.015819784,0.040189473,0,0,0
6/30/2025,614.3507,157.1527,69.715,150.6852,307.8981,41.1462,28.0205,4.33,0.022770249,-0.050360444,-0.041262874,0.075566337,-0.223207617,0.004132778,-0.044318103,0,0,0
7/31/2025,628.5001,149.4344,66.8969,162.5132,246.3027,41.3166,26.8058,4.33,0.020311955,0.042736934,0.016072684,0.080079816,0.216453411,0.033800699,0.066336188,0,0,0
8/29/2025,641.3967,155.9592,67.9808,176.0625,305.8255,42.737,28.6443,4.33,0.034987108,-0.021823465,-0.03179729,0.045514185,0.114593021,-0.006349526,-0.036504841,-0.11,0,1
9/30/2025,664.2345,152.5925,65.8532,184.261,342.9579,42.4665,27.6175,4.22,0.023557837,-0.014672046,0.038165538,0.018435238,-0.01089015,-0.083529563,-0.121246981,-0.13,0,1
10/31/2025,680.0682,150.37,68.4151,187.6894,339.2433,39.0634,24.464,4.09,0.001948053,-0.014806153,0.059445739,0.097543776,-0.03512782,0.033893786,0.050042922,-0.21,0,1
11/28/2025,681.3943,148.16,72.6054,206.92,327.5333,40.4101,25.7194,3.88,0.000771209,-0.033282655,-0.037830599,0.000144973,0.007836203,-0.009285718,-0.046411525,-0.16,0,1
12/31/2025,681.92,143.31,69.91,206.95,330.11,40.0366,24.553,3.72,#NUM!,#NUM!,#NUM!,#NUM!,#NUM!,#NUM!,#NUM!,-3.72,0,1
