Date,RF_Pred,Split
2015-03-16,173.179052734375,train
2015-03-17,174.20214096069336,train
2015-03-18,173.886640625,train
2015-03-19,175.00084579467773,train
2015-03-20,175.05116806030273,train
2015-03-23,174.43666961669922,train
2015-03-24,172.84734878540038,train
2015-03-25,171.19527114868163,train
2015-03-26,171.76051986694335,train
2015-03-27,172.9804557800293,train
2015-03-30,173.22564010620118,train
2015-03-31,172.19418594360351,train
2015-04-01,172.10709091186524,train
2015-04-02,173.05910385131835,train
2015-04-06,173.2247621154785,train
2015-04-07,173.67136672973632,train
2015-04-08,174.13274993896485,train
2015-04-09,174.699402923584,train
2015-04-10,174.69631256103514,train
2015-04-13,174.36148056030274,train
2015-04-14,175.36517868041992,train
2015-04-15,175.3761195373535,train
2015-04-16,174.09630126953124,train
2015-04-17,174.39772552490234,train
2015-04-20,174.81069763183595,train
2015-04-21,175.1781382751465,train
2015-04-22,175.70622940063475,train
2015-04-23,176.17114944458007,train
2015-04-24,175.89446640014648,train
2015-04-27,175.92782806396485,train
2015-04-28,175.5758023071289,train
2015-04-29,174.7293603515625,train
2015-04-30,175.2147981262207,train
2015-05-01,176.14591842651367,train
2015-05-04,175.0115510559082,train
2015-05-05,173.95980270385743,train
2015-05-06,173.97581939697267,train
2015-05-07,175.64477127075196,train
2015-05-08,175.9220706176758,train
2015-05-11,175.35426834106445,train
2015-05-12,175.21532745361327,train
2015-05-13,176.30335174560548,train
2015-05-14,177.08277587890626,train
2015-05-15,177.41562301635742,train
2015-05-18,177.464892578125,train
2015-05-19,177.47892044067382,train
2015-05-20,177.7740156555176,train
2015-05-21,177.70491485595704,train
2015-05-22,176.3981327819824,train
2015-05-26,176.8371565246582,train
2015-05-27,176.96245513916017,train
2015-05-28,176.56515563964842,train
2015-05-29,176.4360124206543,train
2015-06-01,176.11516235351561,train
2015-06-02,176.13109130859374,train
2015-06-03,175.74153594970704,train
2015-06-04,175.0858349609375,train
2015-06-05,174.40360946655272,train
2015-06-08,174.35692977905273,train
2015-06-09,175.4586911010742,train
2015-06-10,176.31991027832032,train
2015-06-11,175.46222076416015,train
2015-06-12,174.93621841430664,train
2015-06-15,175.10834030151366,train
2015-06-16,175.67027572631835,train
2015-06-17,176.89912155151367,train
2015-06-18,177.08706756591798,train
2015-06-19,177.17000411987306,train
2015-06-22,177.65385116577147,train
2015-06-23,176.98458450317383,train
2015-06-24,175.66349517822266,train
2015-06-25,175.45869842529297,train
2015-06-26,173.19288375854492,train
2015-06-29,172.0105015563965,train
2015-06-30,173.61490447998048,train
2015-07-01,174.0969496154785,train
2015-07-02,173.67116088867186,train
2015-07-06,174.0741830444336,train
2015-07-07,172.39975341796875,train
2015-07-08,171.88374069213867,train
2015-07-09,173.23749084472655,train
2015-07-10,174.9848794555664,train
2015-07-13,176.40828628540038,train
2015-07-14,176.4909703063965,train
2015-07-15,177.26591674804686,train
2015-07-16,177.95488235473633,train
2015-07-17,178.03024200439452,train
2015-07-20,177.83342437744142,train
2015-07-21,177.3330517578125,train
2015-07-22,176.51030868530273,train
2015-07-23,174.83630584716798,train
2015-07-24,173.62020950317384,train
2015-07-27,174.98203994750978,train
2015-07-28,176.22827911376953,train
2015-07-29,176.55599548339845,train
2015-07-30,176.41581649780272,train
2015-07-31,175.9757858276367,train
2015-08-03,175.4941734313965,train
2015-08-04,175.64899703979492,train
2015-08-05,174.97289657592773,train
2015-08-06,174.6816133117676,train
2015-08-07,175.8876889038086,train
2015-08-10,175.3499334716797,train
2015-08-11,175.05455871582032,train
2015-08-12,174.45652984619142,train
2015-08-13,175.37794219970704,train
2015-08-14,176.12612533569336,train
2015-08-17,175.92232025146484,train
2015-08-18,174.93674392700194,train
2015-08-19,172.19617660522462,train
2015-08-20,167.99716125488283,train
2015-08-21,161.6771728515625,train
2015-08-24,158.46164093017578,train
2015-08-25,161.2853140258789,train
2015-08-26,165.58271438598632,train
2015-08-27,166.62000534057617,train
2015-08-28,165.65612380981446,train
2015-08-31,162.07045639038085,train
2015-09-01,163.37614624023436,train
2015-09-02,163.28679092407228,train
2015-09-03,161.9618000793457,train
2015-09-04,163.8718589782715,train
2015-09-08,163.46833251953126,train
2015-09-09,163.69259704589842,train
2015-09-10,164.32480010986328,train
2015-09-11,164.07275634765625,train
2015-09-14,165.21652420043947,train
2015-09-15,167.16664276123046,train
2015-09-16,167.3167347717285,train
2015-09-17,165.5592021179199,train
2015-09-18,164.7809066772461,train
2015-09-21,163.77472000122071,train
2015-09-22,163.10087158203126,train
2015-09-23,162.98148071289063,train
2015-09-24,162.50686401367187,train
2015-09-25,160.43798446655273,train
2015-09-28,159.1235580444336,train
2015-09-29,160.5059735107422,train
2015-09-30,162.10502197265626,train
2015-10-01,163.47521789550783,train
2015-10-02,165.7758837890625,train
2015-10-05,166.56339645385742,train
2015-10-06,167.21239974975586,train
2015-10-07,168.76573699951172,train
2015-10-08,169.21571075439454,train
2015-10-09,169.51918655395508,train
2015-10-12,168.91413635253906,train
2015-10-13,168.52694747924804,train
2015-10-14,169.8031134033203,train
2015-10-15,170.6267367553711,train
2015-10-16,171.24053619384765,train
2015-10-19,171.22715911865234,train
2015-10-20,170.6553515625,train
2015-10-21,171.89741333007814,train
2015-10-22,174.25429244995118,train
2015-10-23,174.80185958862305,train
2015-10-26,174.08646514892578,train
2015-10-27,175.40256225585938,train
2015-10-28,175.83498992919922,train
2015-10-29,175.31009063720703,train
2015-10-30,176.16769622802735,train
2015-11-02,177.2300730895996,train
2015-11-03,177.30608642578125,train
2015-11-04,177.15670516967774,train
2015-11-05,176.97852127075194,train
2015-11-06,175.85133239746094,train
2015-11-09,175.68250076293944,train
2015-11-10,175.06582626342774,train
2015-11-11,173.5165299987793,train
2015-11-12,171.4089762878418,train
2015-11-13,172.68418807983397,train
2015-11-16,173.42415573120118,train
2015-11-17,174.6747705078125,train
2015-11-18,175.84309524536133,train
2015-11-19,176.01503952026368,train
2015-11-20,176.1296713256836,train
2015-11-23,175.99197875976563,train
2015-11-24,176.23009170532225,train
2015-11-25,176.20248443603515,train
2015-11-27,176.00187896728517,train
2015-11-30,176.85324493408203,train
2015-12-01,176.2833706665039,train
2015-12-02,174.78924682617188,train
2015-12-03,175.01001388549804,train
2015-12-04,175.64531051635743,train
2015-12-07,174.8471014404297,train
2015-12-08,173.7921435546875,train
2015-12-09,173.37683547973631,train
2015-12-10,171.24495910644532,train
2015-12-11,171.30159378051758,train
2015-12-14,172.2643862915039,train
2015-12-15,174.69084060668945,train
2015-12-16,173.73485946655273,train
2015-12-17,170.49249984741212,train
2015-12-18,170.67764862060548,train
2015-12-21,171.11745880126952,train
2015-12-22,174.04171615600586,train
2015-12-23,174.56381088256836,train
2015-12-24,174.1059080505371,train
2015-12-28,174.98801040649414,train
2015-12-29,175.05178100585937,train
2015-12-30,173.28342514038087,train
2015-12-31,171.61512145996093,train
2016-01-04,170.0504765319824,train
2016-01-05,169.40967834472656,train
2016-01-06,166.1811737060547,train
2016-01-07,162.34327529907227,train
2016-01-08,162.3139175415039,train
2016-01-11,163.3903317260742,train
2016-01-12,161.4834814453125,train
2016-01-13,162.53434936523436,train
2016-01-14,161.12278411865233,train
2016-01-15,159.20024490356445,train
2016-01-19,158.80461654663085,train
2016-01-20,158.55474243164062,train
2016-01-21,160.35367599487304,train
2016-01-22,160.15812438964844,train
2016-01-25,160.76341354370118,train
2016-01-26,160.9730467224121,train
2016-01-27,160.07107818603515,train
2016-01-28,163.4691310119629,train
2016-01-29,164.25138427734376,train
2016-02-01,162.04113327026369,train
2016-02-02,162.43159271240233,train
2016-02-03,162.19618423461915,train
2016-02-04,160.58194808959962,train
2016-02-05,158.78493026733398,train
2016-02-08,157.34799591064453,train
2016-02-09,156.83256576538085,train
2016-02-10,156.7647509765625,train
2016-02-11,158.2798519897461,train
2016-02-12,159.79472518920898,train
2016-02-16,162.7174688720703,train
2016-02-17,163.34070037841798,train
2016-02-18,162.8378726196289,train
2016-02-19,164.25666442871093,train
2016-02-22,163.6915252685547,train
2016-02-23,163.62531311035156,train
2016-02-24,164.90319885253905,train
2016-02-25,164.86898315429687,train
2016-02-26,164.85098022460937,train
2016-02-29,166.6711979675293,train
2016-03-01,168.56373458862305,train
2016-03-02,169.27738510131837,train
2016-03-03,169.70238342285157,train
2016-03-04,170.02015838623046,train
2016-03-07,168.9394596862793,train
2016-03-08,169.0858137512207,train
2016-03-09,169.2217512512207,train
2016-03-10,170.96269927978517,train
2016-03-11,171.79557540893555,train
2016-03-14,171.7647444152832,train
2016-03-15,172.09210662841798,train
2016-03-16,173.11768737792968,train
2016-03-17,173.7764112854004,train
2016-03-18,174.4115168762207,train
2016-03-21,174.08262405395507,train
2016-03-22,173.746583404541,train
2016-03-23,173.49543655395507,train
2016-03-24,173.40344329833985,train
2016-03-28,174.42060989379883,train
2016-03-29,175.06874923706056,train
2016-03-30,175.1038719177246,train
2016-03-31,175.64259536743165,train
2016-04-01,175.5895068359375,train
2016-04-04,174.39760177612305,train
2016-04-05,175.080537109375,train
2016-04-06,174.5996809387207,train
2016-04-07,174.06990280151368,train
2016-04-08,174.221007232666,train
2016-04-11,174.97735275268553,train
2016-04-12,176.3339323425293,train
2016-04-13,176.98614471435548,train
2016-04-14,177.24241592407228,train
2016-04-15,177.78752532958984,train
2016-04-18,178.38558013916017,train
2016-04-19,178.75144744873046,train
2016-04-20,178.3083282470703,train
2016-04-21,178.08086791992187,train
2016-04-22,177.84023696899413,train
2016-04-25,177.6861080932617,train
2016-04-26,178.1570376586914,train
2016-04-27,177.47491836547852,train
2016-04-28,176.2440266418457,train
2016-04-29,176.7703106689453,train
2016-05-02,175.95797760009765,train
2016-05-03,175.17535583496092,train
2016-05-04,174.84381805419923,train
2016-05-05,174.98713775634766,train
2016-05-06,175.46836151123046,train
2016-05-09,176.7096156311035,train
2016-05-10,176.36189804077148,train
2016-05-11,175.73366012573243,train
2016-05-12,174.86861633300782,train
2016-05-13,175.6377116394043,train
2016-05-16,174.89001205444336,train
2016-05-17,174.69343170166016,train
2016-05-18,174.30224655151366,train
2016-05-19,174.94370376586915,train
2016-05-20,175.097293548584,train
2016-05-23,176.36959259033202,train
2016-05-24,177.84077789306642,train
2016-05-25,178.39421630859374,train
2016-05-26,178.59911041259767,train
2016-05-27,178.97520919799805,train
2016-05-31,179.032618560791,train
2016-06-01,179.49386947631837,train
2016-06-02,179.3551725769043,train
2016-06-03,179.69515991210938,train
2016-06-06,179.80645874023438,train
2016-06-07,180.65638977050781,train
2016-06-08,180.32388229370116,train
2016-06-09,179.27122833251954,train
2016-06-10,178.0062106323242,train
2016-06-13,177.38522689819337,train
2016-06-14,177.1222196960449,train
2016-06-15,177.4354690551758,train
2016-06-16,177.0042303466797,train
2016-06-17,177.12760787963867,train
2016-06-20,178.63824798583985,train
2016-06-21,178.61717742919922,train
2016-06-22,179.6416975402832,train
2016-06-23,176.49884719848632,train
2016-06-24,172.56384948730468,train
2016-06-27,172.80356491088867,train
2016-06-28,175.59766479492188,train
2016-06-29,178.40343521118163,train
2016-06-30,179.3516960144043,train
2016-07-01,178.6336979675293,train
2016-07-05,179.1824215698242,train
2016-07-06,179.40509765625,train
2016-07-07,180.96557586669923,train
2016-07-08,182.34965942382811,train
2016-07-11,183.305154876709,train
2016-07-12,184.1394514465332,train
2016-07-13,184.92577743530273,train
2016-07-14,185.00035797119142,train
2016-07-15,185.33868087768553,train
2016-07-18,185.24759338378905,train
2016-07-19,185.6523764038086,train
2016-07-20,185.37910888671874,train
2016-07-21,185.81946212768554,train
2016-07-22,185.57565368652342,train
2016-07-25,185.59235458374025,train
2016-07-26,185.5186116027832,train
2016-07-27,185.61588150024414,train
2016-07-28,185.7907388305664,train
2016-07-29,185.6341291809082,train
2016-08-01,185.0140934753418,train
2016-08-02,185.35253494262696,train
2016-08-03,185.53362579345702,train
2016-08-04,186.1382928466797,train
2016-08-05,186.49130111694336,train
2016-08-08,186.82093002319337,train
2016-08-09,186.5121435546875,train
2016-08-10,187.09111404418945,train
2016-08-11,187.14891891479493,train
2016-08-12,187.1702391052246,train
2016-08-15,187.00632858276367,train
2016-08-16,186.93424072265626,train
2016-08-17,187.15219772338867,train
2016-08-18,187.11926635742188,train
2016-08-19,187.22239791870118,train
2016-08-22,187.32238327026369,train
2016-08-23,186.8510871887207,train
2016-08-24,186.68512145996092,train
2016-08-25,186.2007243347168,train
2016-08-26,186.7464872741699,train
2016-08-29,186.77842391967772,train
2016-08-30,186.32281845092774,train
2016-08-31,186.21099670410158,train
2016-09-01,186.60231155395508,train
2016-09-02,187.0234504699707,train
2016-09-06,187.38211120605467,train
2016-09-07,186.7599754333496,train
2016-09-08,184.46134002685548,train
2016-09-09,184.3086999511719,train
2016-09-12,183.4095246887207,train
2016-09-13,182.9974380493164,train
2016-09-14,183.93552200317382,train
2016-09-15,183.81103515625,train
2016-09-16,183.7091081237793,train
2016-09-19,184.08617782592773,train
2016-09-20,185.29627090454102,train
2016-09-21,186.26240921020508,train
2016-09-22,185.64586227416993,train
2016-09-23,184.7340643310547,train
2016-09-26,185.35602020263673,train
2016-09-27,185.84104934692382,train
2016-09-28,185.2150849914551,train
2016-09-29,185.98000244140624,train
2016-09-30,185.6366015625,train
2016-10-03,184.99545440673828,train
2016-10-04,185.63715576171876,train
2016-10-05,185.52631118774414,train
2016-10-06,185.1887355041504,train
2016-10-07,185.74648986816408,train
2016-10-10,184.30772827148436,train
2016-10-11,184.18702194213867,train
2016-10-12,183.5991860961914,train
2016-10-13,183.41227157592775,train
2016-10-14,183.3027780151367,train
2016-10-17,183.5398843383789,train
2016-10-18,184.5239584350586,train
2016-10-19,184.50213088989258,train
2016-10-20,184.1333578491211,train
2016-10-21,184.21872360229492,train
2016-10-24,184.68646118164062,train
2016-10-25,184.35647506713866,train
2016-10-26,183.56293441772462,train
2016-10-27,183.50597396850586,train
2016-10-28,183.29716522216796,train
2016-10-31,182.59711822509766,train
2016-11-01,181.27205322265624,train
2016-11-02,180.03336669921876,train
2016-11-03,180.08571716308595,train
2016-11-04,181.81226333618164,train
2016-11-07,182.17428131103514,train
2016-11-08,185.6488543701172,train
2016-11-09,186.15501998901368,train
2016-11-10,186.59855026245117,train
2016-11-11,186.17786712646483,train
2016-11-14,187.2749267578125,train
2016-11-15,187.57833801269533,train
2016-11-16,187.9106396484375,train
2016-11-17,188.24073791503906,train
2016-11-18,188.9179557800293,train
2016-11-21,189.7711946105957,train
2016-11-22,190.04538848876953,train
2016-11-23,190.35342056274413,train
2016-11-25,191.46896881103515,train
2016-11-28,190.094822845459,train
2016-11-29,189.85123016357423,train
2016-11-30,190.27036087036132,train
2016-12-01,189.40018157958986,train
2016-12-02,189.93683883666992,train
2016-12-05,190.46592330932617,train
2016-12-06,192.26203338623046,train
2016-12-07,193.72928115844726,train
2016-12-08,194.4978974914551,train
2016-12-09,194.92994583129882,train
2016-12-12,195.70071350097658,train
2016-12-13,194.81266067504882,train
2016-12-14,195.07721267700197,train
2016-12-15,195.10151611328126,train
2016-12-16,195.25744064331056,train
2016-12-19,195.6681819152832,train
2016-12-20,195.3234843444824,train
2016-12-21,195.27375122070313,train
2016-12-22,195.39225982666017,train
2016-12-23,195.42821411132812,train
2016-12-27,194.81172592163085,train
2016-12-28,194.5994778442383,train
2016-12-29,193.91690017700196,train
2016-12-30,194.8819956970215,train
2017-01-03,196.01935104370116,train
2017-01-04,196.1155857849121,train
2017-01-05,196.4292791748047,train
2017-01-06,196.0588543701172,train
2017-01-09,196.1885852050781,train
2017-01-10,196.43356735229492,train
2017-01-11,196.1089143371582,train
2017-01-12,196.3748518371582,train
2017-01-13,196.01803680419923,train
2017-01-17,196.29021896362303,train
2017-01-18,195.78082412719726,train
2017-01-19,196.2473519897461,train
2017-01-20,196.1019273376465,train
2017-01-23,196.98089477539062,train
2017-01-24,198.20618850708007,train
2017-01-25,198.3170472717285,train
2017-01-26,198.24911254882812,train
2017-01-27,197.3921240234375,train
2017-01-30,197.02147964477538,train
2017-01-31,197.25636016845704,train
2017-02-01,197.5285464477539,train
2017-02-02,198.23431106567384,train
2017-02-03,198.29032440185546,train
2017-02-06,198.3035804748535,train
2017-02-07,198.60311492919922,train
2017-02-08,199.21184188842773,train
2017-02-09,199.98864822387696,train
2017-02-10,201.45114181518554,train
2017-02-13,202.44899353027344,train
2017-02-14,203.25164474487303,train
2017-02-15,203.45187957763673,train
2017-02-16,203.5979037475586,train
2017-02-17,204.29609771728516,train
2017-02-21,204.86666748046875,train
2017-02-22,204.82043243408202,train
2017-02-23,205.21909698486328,train
2017-02-24,205.38608306884765,train
2017-02-27,205.07653106689452,train
2017-02-28,206.61618545532227,train
2017-03-01,206.57451766967773,train
2017-03-02,206.29757690429688,train
2017-03-03,205.93066192626952,train
2017-03-06,205.11466339111328,train
2017-03-07,205.06565963745118,train
2017-03-08,205.28395935058595,train
2017-03-09,205.85359527587892,train
2017-03-10,205.6476937866211,train
2017-03-13,205.33079284667969,train
2017-03-14,206.34693496704102,train
2017-03-15,206.37114364624023,train
2017-03-16,206.03583908081055,train
2017-03-17,205.7776593017578,train
2017-03-20,204.32776138305664,train
2017-03-21,203.99029769897462,train
2017-03-22,203.61928588867187,train
2017-03-23,203.36762817382814,train
2017-03-24,203.42796936035157,train
2017-03-27,204.17335052490233,train
2017-03-28,204.4628485107422,train
2017-03-29,205.19993438720704,train
2017-03-30,204.96888275146483,train
2017-03-31,204.84339401245117,train
2017-04-03,204.67220428466797,train
2017-04-04,204.3191017150879,train
2017-04-05,204.9237889099121,train
2017-04-06,204.5005404663086,train
2017-04-07,204.64942672729492,train
2017-04-10,204.41580139160158,train
2017-04-11,203.79403564453125,train
2017-04-12,202.64586334228517,train
2017-04-13,203.79451232910156,train
2017-04-17,203.46544235229493,train
2017-04-18,203.1689239501953,train
2017-04-19,203.96782958984375,train
2017-04-20,204.1532881164551,train
2017-04-21,205.50098373413087,train
2017-04-24,206.88537063598633,train
2017-04-25,207.33787307739257,train
2017-04-26,207.47621307373046,train
2017-04-27,207.26822052001953,train
2017-04-28,207.47228134155273,train
2017-05-01,207.5754133605957,train
2017-05-02,207.5596144104004,train
2017-05-03,207.6173124694824,train
2017-05-04,208.10564315795898,train
2017-05-05,208.34302001953125,train
2017-05-08,208.26013290405274,train
2017-05-09,208.37987075805665,train
2017-05-10,208.24990814208985,train
2017-05-11,208.0179930114746,train
2017-05-12,208.42900161743165,train
2017-05-15,208.13306060791015,train
2017-05-16,206.48879455566407,train
2017-05-17,206.91484756469725,train
2017-05-18,207.05502624511718,train
2017-05-19,207.93934020996093,train
2017-05-22,208.68029876708985,train
2017-05-23,209.0268898010254,train
2017-05-24,209.80640380859376,train
2017-05-25,210.2719155883789,train
2017-05-26,210.31564926147462,train
2017-05-30,210.1763053894043,train
2017-05-31,211.03162628173828,train
2017-06-01,212.05147232055663,train
2017-06-02,212.07118103027344,train
2017-06-05,211.78813690185547,train
2017-06-06,211.8691456604004,train
2017-06-07,211.91173461914062,train
2017-06-08,211.7080079650879,train
2017-06-09,211.8755453491211,train
2017-06-12,212.45074325561524,train
2017-06-13,212.18160720825196,train
2017-06-14,212.14882369995118,train
2017-06-15,212.2625959777832,train
2017-06-16,213.32574615478515,train
2017-06-19,212.72311935424804,train
2017-06-20,212.27286560058593,train
2017-06-21,212.22621368408204,train
2017-06-22,212.35830795288086,train
2017-06-23,212.33882278442383,train
2017-06-26,211.327763671875,train
2017-06-27,212.33056564331054,train
2017-06-28,211.20095977783203,train
2017-06-29,211.40148483276369,train
2017-06-30,211.71035675048827,train
2017-07-03,211.8722688293457,train
2017-07-05,210.735546875,train
2017-07-06,211.50245376586915,train
2017-07-07,211.71887664794923,train
2017-07-10,211.74399154663087,train
2017-07-11,212.66467407226563,train
2017-07-12,213.508233795166,train
2017-07-13,214.20989624023437,train
2017-07-14,214.557392578125,train
2017-07-17,214.7833250427246,train
2017-07-18,215.58902542114257,train
2017-07-19,215.8222035217285,train
2017-07-20,215.80324768066407,train
2017-07-21,215.7722427368164,train
2017-07-24,216.0131185913086,train
2017-07-25,216.1458282470703,train
2017-07-26,216.0172477722168,train
2017-07-27,215.8138407897949,train
2017-07-28,215.70452392578125,train
2017-07-31,216.05133285522462,train
2017-08-01,216.1214680480957,train
2017-08-02,215.865906829834,train
2017-08-03,216.17023498535156,train
2017-08-04,216.4218765258789,train
2017-08-07,216.10960739135743,train
2017-08-08,215.51106369018555,train
2017-08-09,214.1072006225586,train
2017-08-10,213.52045700073242,train
2017-08-11,214.57343963623046,train
2017-08-14,214.882686920166,train
2017-08-15,215.03007675170898,train
2017-08-16,213.39946685791017,train
2017-08-17,212.47155715942384,train
2017-08-18,212.61808532714844,train
2017-08-21,213.73508575439453,train
2017-08-22,213.75081283569335,train
2017-08-23,213.5058236694336,train
2017-08-24,213.75229751586915,train
2017-08-25,213.7765249633789,train
2017-08-28,213.91388397216798,train
2017-08-29,214.3733807373047,train
2017-08-30,215.8002116394043,train
2017-08-31,216.25242782592773,train
2017-09-01,215.2461488342285,train
2017-09-05,215.55257202148437,train
2017-09-06,215.46080230712892,train
2017-09-07,215.996951751709,train
2017-09-08,217.1371142578125,train
2017-09-11,218.32212814331055,train
2017-09-12,218.56608337402344,train
2017-09-13,218.64388000488282,train
2017-09-14,218.8459098815918,train
2017-09-15,219.13152236938475,train
2017-09-18,219.43092712402344,train
2017-09-19,219.6013653564453,train
2017-09-20,219.16927551269532,train
2017-09-21,219.04058517456053,train
2017-09-22,218.8450242614746,train
2017-09-25,218.83952713012695,train
2017-09-26,219.41412429809571,train
2017-09-27,219.8009881591797,train
2017-09-28,220.91279510498046,train
2017-09-29,220.96154220581056,train
2017-10-02,222.00747589111327,train
2017-10-03,222.43583038330078,train
2017-10-04,223.23353271484376,train
2017-10-05,223.33728607177736,train
2017-10-06,223.20946105957032,train
2017-10-09,223.56948318481446,train
2017-10-10,223.79884628295898,train
2017-10-11,223.788583984375,train
2017-10-12,223.972449798584,train
2017-10-13,224.16467010498047,train
2017-10-16,224.31719543457032,train
2017-10-17,224.5530862426758,train
2017-10-18,224.73354888916015,train
2017-10-19,225.31717651367188,train
2017-10-20,225.05718078613282,train
2017-10-23,225.16281997680665,train
2017-10-24,224.72348373413087,train
2017-10-25,224.65563003540038,train
2017-10-26,225.66861160278322,train
2017-10-27,225.40622650146486,train
2017-10-30,225.70839324951172,train
2017-10-31,226.0814356994629,train
2017-11-01,226.28802276611327,train
2017-11-02,226.5510575866699,train
2017-11-03,227.12741897583007,train
2017-11-06,227.1602781677246,train
2017-11-07,227.36946426391603,train
2017-11-08,226.96534759521484,train
2017-11-09,226.62172317504883,train
2017-11-10,226.74218032836913,train
2017-11-13,226.42213668823243,train
2017-11-14,225.9145999145508,train
2017-11-15,226.34094924926757,train
2017-11-16,226.70399658203124,train
2017-11-17,226.98629974365235,train
2017-11-20,227.8019354248047,train
2017-11-21,228.2948712158203,train
2017-11-22,228.44532638549805,train
2017-11-24,229.3788232421875,train
2017-11-27,230.2730207824707,train
2017-11-28,230.95653244018555,train
2017-11-29,232.32892120361328,train
2017-11-30,232.45228012084962,train
2017-12-01,231.9736979675293,train
2017-12-04,231.64916076660157,train
2017-12-05,231.46392639160158,train
2017-12-06,232.12417404174803,train
2017-12-07,232.79688919067382,train
2017-12-08,233.26755630493165,train
2017-12-11,234.351466217041,train
2017-12-12,234.30797317504883,train
2017-12-13,233.95656539916993,train
2017-12-14,234.8578907775879,train
2017-12-15,236.15700790405273,train
2017-12-18,236.4167738342285,train
2017-12-19,235.86582244873046,train
2017-12-20,236.02354034423828,train
2017-12-21,236.0231999206543,train
2017-12-22,235.78863555908202,train
2017-12-26,235.84054611206054,train
2017-12-27,236.14197052001953,train
2017-12-28,236.16689453125,train
2017-12-29,236.65976165771485,train
2018-01-02,238.15995849609374,train
2018-01-03,239.5130828857422,train
2018-01-04,240.71814666748048,train
2018-01-05,241.58163986206054,train
2018-01-08,241.87438003540038,train
2018-01-09,242.3713980102539,train
2018-01-10,243.14104888916015,train
2018-01-11,244.97897994995117,train
2018-01-12,244.85296981811524,train
2018-01-16,245.84433654785155,train
2018-01-17,246.87878341674804,train
2018-01-18,247.6932015991211,train
2018-01-19,248.8336944580078,train
2018-01-22,249.67317794799806,train
2018-01-23,250.09882354736328,train
2018-01-24,250.2383720397949,train
2018-01-25,252.11342788696288,train
2018-01-26,251.75916595458983,train
2018-01-29,249.55411239624024,train
2018-01-30,248.51654205322265,train
2018-01-31,247.91205551147462,train
2018-02-01,245.04084716796876,train
2018-02-02,236.92116958618163,train
2018-02-05,235.79173782348633,train
2018-02-06,235.9516928100586,train
2018-02-07,229.7529525756836,train
2018-02-08,231.65202575683594,train
2018-02-09,233.40252517700196,train
2018-02-12,234.12194549560547,train
2018-02-13,235.4306379699707,train
2018-02-14,239.60637496948243,train
2018-02-15,240.49123397827148,train
2018-02-16,239.82665313720702,train
2018-02-20,238.67678298950196,train
2018-02-21,239.01008239746093,train
2018-02-22,240.93165252685546,train
2018-02-23,244.11594039916992,train
2018-02-26,243.07069778442383,train
2018-02-27,241.09736053466796,train
2018-02-28,238.10255142211915,train
2018-03-01,236.54379028320312,train
2018-03-02,239.4831053161621,train
2018-03-05,240.4464453125,train
2018-03-06,240.8708348083496,train
2018-03-07,241.64302124023436,train
2018-03-08,244.47245315551757,train
2018-03-09,245.22919982910156,train
2018-03-12,245.57936340332031,train
2018-03-13,244.01148361206054,train
2018-03-14,242.53672348022462,train
2018-03-15,242.8850146484375,train
2018-03-16,241.24016387939454,train
2018-03-19,239.4763653564453,train
2018-03-20,239.96332580566406,train
2018-03-21,236.1247772216797,train
2018-03-22,231.10769393920899,train
2018-03-23,233.91839141845702,train
2018-03-26,232.26130584716796,train
2018-03-27,230.95227783203126,train
2018-03-28,232.74267791748048,train
2018-03-29,229.5646838378906,train
2018-04-02,231.4477931213379,train
2018-04-03,232.61799026489257,train
2018-04-04,233.79028533935548,train
2018-04-05,232.34686050415038,train
2018-04-06,231.7595280456543,train
2018-04-09,233.76696395874023,train
2018-04-10,234.27500030517578,train
2018-04-11,234.99305160522462,train
2018-04-12,235.36718383789062,train
2018-04-13,236.05435974121093,train
2018-04-16,238.28454162597657,train
2018-04-17,239.47276824951172,train
2018-04-18,238.23523178100587,train
2018-04-19,237.03191925048827,train
2018-04-20,236.53506439208985,train
2018-04-23,233.89384063720703,train
2018-04-24,233.34409271240236,train
2018-04-25,235.43467910766603,train
2018-04-26,235.93723983764647,train
2018-04-27,234.91803756713867,train
2018-04-30,235.07854385375975,train
2018-05-01,233.81851165771485,train
2018-05-02,232.95000045776368,train
2018-05-03,234.9023844909668,train
2018-05-04,236.03928192138673,train
2018-05-07,237.21976501464843,train
2018-05-08,237.75018676757813,train
2018-05-09,239.98704299926757,train
2018-05-10,241.44129608154296,train
2018-05-11,241.6825848388672,train
2018-05-14,241.0419842529297,train
2018-05-15,241.11377212524414,train
2018-05-16,240.82657989501953,train
2018-05-17,240.55014709472655,train
2018-05-18,241.8549676513672,train
2018-05-21,241.83280563354492,train
2018-05-22,241.6755505371094,train
2018-05-23,242.08179809570314,train
2018-05-24,241.20105941772462,train
2018-05-25,239.51374450683593,train
2018-05-29,240.74638442993165,train
2018-05-30,240.53593383789064,train
2018-05-31,241.54396987915038,train
2018-06-01,243.47780792236327,train
2018-06-04,244.5649464416504,train
2018-06-05,244.95260833740235,train
2018-06-06,245.6261492919922,train
2018-06-07,246.2492640686035,train
2018-06-08,246.82052612304688,train
2018-06-11,247.06130386352538,train
2018-06-12,246.51564010620118,train
2018-06-13,247.04427780151366,train
2018-06-14,246.73659576416014,train
2018-06-15,246.47733673095703,train
2018-06-18,245.5303532409668,train
2018-06-19,245.21560867309572,train
2018-06-20,244.68689682006837,train
2018-06-21,244.31022262573242,train
2018-06-22,242.63966918945312,train
2018-06-25,240.7239961242676,train
2018-06-26,240.70522918701172,train
2018-06-27,240.50008666992187,train
2018-06-28,241.16670547485353,train
2018-06-29,241.59895309448243,train
2018-07-02,241.53791442871093,train
2018-07-03,241.9934812927246,train
2018-07-05,244.54068756103516,train
2018-07-06,246.2863949584961,train
2018-07-09,247.8242791748047,train
2018-07-10,247.09139663696288,train
2018-07-11,247.95365417480468,train
2018-07-12,248.47318634033203,train
2018-07-13,248.61693481445312,train
2018-07-16,248.9118505859375,train
2018-07-17,249.93304229736327,train
2018-07-18,249.5136669921875,train
2018-07-19,249.35567993164062,train
2018-07-20,249.5029168701172,train
2018-07-23,250.2782141113281,train
2018-07-24,251.8974996948242,train
2018-07-25,252.35643020629882,train
2018-07-26,250.85034896850587,train
2018-07-27,249.83052795410157,train
2018-07-30,250.12737808227538,train
2018-07-31,250.50531173706054,train
2018-08-01,251.20850204467774,train
2018-08-02,251.60624893188478,train
2018-08-03,252.49146713256835,train
2018-08-06,254.10687469482423,train
2018-08-07,253.99433349609376,train
2018-08-08,253.64044525146485,train
2018-08-09,252.8713592529297,train
2018-08-10,251.37890182495119,train
2018-08-13,252.17343719482423,train
2018-08-14,251.4577392578125,train
2018-08-15,252.29709213256837,train
2018-08-16,253.82335021972656,train
2018-08-17,254.26461837768554,train
2018-08-20,254.7288526916504,train
2018-08-21,255.06240798950196,train
2018-08-22,254.82428253173828,train
2018-08-23,255.58944747924804,train
2018-08-24,257.18694534301756,train
2018-08-27,258.2587789916992,train
2018-08-28,259.01341827392577,train
2018-08-29,258.86681838989256,train
2018-08-30,258.56073303222655,train
2018-08-31,258.00089874267576,train
2018-09-04,257.46970458984373,train
2018-09-05,256.785,train
2018-09-06,256.24425537109374,train
2018-09-07,256.5163784790039,train
2018-09-10,256.7369641113281,train
2018-09-11,257.5079507446289,train
2018-09-12,258.42100494384766,train
2018-09-13,258.6386282348633,train
2018-09-14,258.12696380615233,train
2018-09-17,258.7767266845703,train
2018-09-18,258.90447677612303,train
2018-09-19,260.7529635620117,train
2018-09-20,260.91752960205076,train
2018-09-21,260.3106069946289,train
2018-09-24,259.8480635070801,train
2018-09-25,259.6422721862793,train
2018-09-26,259.87068634033204,train
2018-09-27,259.9823773193359,train
2018-09-28,260.62586181640626,train
2018-10-01,260.6901705932617,train
2018-10-02,260.59622467041015,train
2018-10-03,259.5253381347656,train
2018-10-04,257.56554290771487,train
2018-10-05,257.71229553222656,train
2018-10-08,256.94529724121094,train
2018-10-09,252.26002227783204,train
2018-10-10,244.55802993774415,train
2018-10-11,244.53593795776368,train
2018-10-12,245.80328002929687,train
2018-10-15,249.4478207397461,train
2018-10-16,249.99273300170898,train
2018-10-17,248.1122966003418,train
2018-10-18,247.75353683471678,train
2018-10-19,247.52299438476564,train
2018-10-22,246.5204232788086,train
2018-10-23,239.38157104492188,train
2018-10-24,239.51313674926757,train
2018-10-25,238.90651092529296,train
2018-10-26,236.68769790649415,train
2018-10-29,237.6666017150879,train
2018-10-30,240.11295211791992,train
2018-10-31,243.60766967773438,train
2018-11-01,243.29500778198243,train
2018-11-02,244.0663247680664,train
2018-11-05,244.8452018737793,train
2018-11-06,249.3300018310547,train
2018-11-07,249.56644180297852,train
2018-11-08,248.9069416809082,train
2018-11-09,244.86997131347655,train
2018-11-12,243.25249145507811,train
2018-11-13,242.1931608581543,train
2018-11-14,242.44724533081055,train
2018-11-15,244.10401275634766,train
2018-11-16,241.70635131835937,train
2018-11-19,238.24994735717775,train
2018-11-20,236.67593475341798,train
2018-11-21,236.27248489379883,train
2018-11-23,236.9713458251953,train
2018-11-26,239.6968211364746,train
2018-11-27,243.03354568481444,train
2018-11-28,244.48809692382812,train
2018-11-29,245.74061126708983,train
2018-11-30,248.29411560058594,train
2018-12-03,244.1628318786621,train
2018-12-04,240.9643537902832,train
2018-12-06,236.87340225219725,train
2018-12-07,236.05890884399415,train
2018-12-10,235.84408004760743,train
2018-12-11,236.66349044799804,train
2018-12-12,237.42719985961915,train
2018-12-13,234.54160690307617,train
2018-12-14,228.95972427368164,train
2018-12-17,229.1093423461914,train
2018-12-18,226.97592758178712,train
2018-12-19,224.68314208984376,train
2018-12-20,218.89489151000976,train
2018-12-21,213.2592500305176,train
2018-12-24,218.28678955078124,train
2018-12-26,222.35466064453124,train
2018-12-27,222.5113996887207,train
2018-12-28,224.5125163269043,train
2018-12-31,224.8378579711914,train
2019-01-02,222.12404312133788,train
2019-01-03,223.48564086914064,train
2019-01-04,226.98718856811524,train
2019-01-07,230.06432495117187,train
2019-01-08,232.25802780151366,train
2019-01-09,232.66675888061525,train
2019-01-10,232.71525024414063,train
2019-01-11,232.3222264099121,train
2019-01-14,233.5079786682129,train
2019-01-15,234.6646157836914,train
2019-01-16,235.9032403564453,train
2019-01-17,238.73504287719726,train
2019-01-18,237.15575454711913,train
2019-01-22,236.92075592041016,train
2019-01-23,237.5131298828125,train
2019-01-24,238.88348205566408,train
2019-01-25,237.80588500976563,train
2019-01-28,237.40100967407227,train
2019-01-29,239.3812693786621,train
2019-01-30,242.29830627441407,train
2019-01-31,243.28456802368163,train
2019-02-01,244.13767654418945,train
2019-02-04,245.11946640014648,train
2019-02-05,245.01829895019532,train
2019-02-06,243.70181030273437,train
2019-02-07,243.21234664916992,train
2019-02-08,243.70620208740235,train
2019-02-11,245.66676651000978,train
2019-02-12,247.17898834228515,train
2019-02-13,247.14160842895507,train
2019-02-14,248.62451248168946,train
2019-02-15,249.7748910522461,train
2019-02-19,250.20878005981444,train
2019-02-20,249.8918864440918,train
2019-02-21,250.3665284729004,train
2019-02-22,251.10314315795898,train
2019-02-25,251.04254226684571,train
2019-02-26,251.06221466064454,train
2019-02-27,250.84593536376954,train
2019-02-28,251.73488357543945,train
2019-03-01,251.54187881469727,train
2019-03-04,251.35790130615234,train
2019-03-05,250.40157958984375,train
2019-03-06,248.62884735107423,train
2019-03-07,247.29593032836914,train
2019-03-08,248.90519073486328,train
2019-03-11,250.24655502319337,train
2019-03-12,252.5671824645996,train
2019-03-13,253.2176950073242,train
2019-03-14,253.64612136840822,train
2019-03-15,254.62384796142578,train
2019-03-18,255.0161932373047,train
2019-03-19,254.86365158081054,train
2019-03-20,256.26644302368163,train
2019-03-21,254.28450607299806,train
2019-03-22,253.1741569519043,train
2019-03-25,253.16412521362304,train
2019-03-26,253.38763595581054,train
2019-03-27,253.49421295166016,train
2019-03-28,254.5381007385254,train
2019-03-29,256.95534271240234,train
2019-04-01,257.8637449645996,train
2019-04-02,258.59066055297853,train
2019-04-03,259.31280822753905,train
2019-04-04,260.22766311645506,train
2019-04-05,260.64787109375,train
2019-04-08,260.05309509277345,train
2019-04-09,260.2721983337402,train
2019-04-10,260.44506912231446,train
2019-04-11,261.5623893737793,train
2019-04-12,262.0247860717773,train
2019-04-15,262.27256958007814,train
2019-04-16,261.9877310180664,train
2019-04-17,262.1634216308594,train
2019-04-18,262.17153106689454,train
2019-04-22,264.0106936645508,train
2019-04-23,263.93196685791014,train
2019-04-24,264.1847311401367,train
2019-04-25,264.80974334716797,train
2019-04-26,265.1864288330078,train
2019-04-29,265.4368530273438,train
2019-04-30,263.7917761230469,train
2019-05-01,263.51609497070314,train
2019-05-02,264.97091094970705,train
2019-05-03,264.7953616333008,train
2019-05-06,261.4737838745117,train
2019-05-07,259.45034881591795,train
2019-05-08,259.44638748168944,train
2019-05-09,258.9650408935547,train
2019-05-10,256.0057841491699,train
2019-05-13,255.89967590332031,train
2019-05-14,256.88376068115235,train
2019-05-15,258.8990728759766,train
2019-05-16,258.29751373291015,train
2019-05-17,257.1251678466797,train
2019-05-20,257.7709387207031,train
2019-05-21,257.70850997924805,train
2019-05-22,256.38379852294923,train
2019-05-23,255.18930358886718,train
2019-05-24,254.25783554077148,train
2019-05-28,252.44479232788086,train
2019-05-29,251.6899412536621,train
2019-05-30,250.46251663208008,train
2019-05-31,248.70297592163087,train
2019-06-03,251.5487924194336,train
2019-06-04,255.1789288330078,train
2019-06-05,256.5891514587402,train
2019-06-06,258.7917449951172,train
2019-06-07,260.29192642211916,train
2019-06-10,260.81923126220704,train
2019-06-11,260.9573391723633,train
2019-06-12,261.2788052368164,train
2019-06-13,261.77770935058595,train
2019-06-14,261.34467712402346,train
2019-06-17,263.22390411376955,train
2019-06-18,264.95432861328123,train
2019-06-19,266.41052093505857,train
2019-06-20,266.0941470336914,train
2019-06-21,266.6361846923828,train
2019-06-24,264.7135415649414,train
2019-06-25,263.79696502685545,train
2019-06-26,264.93354431152346,train
2019-06-27,265.59980529785156,train
2019-06-28,267.36076080322266,train
2019-07-01,268.591396484375,train
2019-07-02,270.5948715209961,train
2019-07-03,270.65830200195313,train
2019-07-05,269.87712890625,train
2019-07-08,270.2467291259766,train
2019-07-09,270.88167266845704,train
2019-07-10,271.591858215332,train
2019-07-11,272.54347442626954,train
2019-07-12,272.7982421875,train
2019-07-15,272.22197509765624,train
2019-07-16,271.0910177612305,train
2019-07-17,271.4105401611328,train
2019-07-18,270.25205871582034,train
2019-07-19,270.86633666992185,train
2019-07-22,271.34245056152344,train
2019-07-23,273.1015783691406,train
2019-07-24,272.3800823974609,train
2019-07-25,273.2037405395508,train
2019-07-26,273.51592346191404,train
2019-07-29,272.8103930664063,train
2019-07-30,271.3198355102539,train
2019-07-31,268.8003106689453,train
2019-08-01,264.8180895996094,train
2019-08-02,260.568740234375,train
2019-08-05,260.591293182373,train
2019-08-06,261.45835083007813,train
2019-08-07,264.27226333618165,train
2019-08-08,264.5051586914062,train
2019-08-09,262.7955859375,train
2019-08-12,264.702282409668,train
2019-08-13,260.6634468078613,train
2019-08-14,259.2448919677734,train
2019-08-15,260.39165649414065,train
2019-08-16,264.570725402832,train
2019-08-19,264.0439065551758,train
2019-08-20,265.2051663208008,train
2019-08-21,265.30657775878905,train
2019-08-22,260.647698059082,train
2019-08-23,260.6819879150391,train
2019-08-26,261.3363284301758,train
2019-08-27,262.160885925293,train
2019-08-28,264.4660806274414,train
2019-08-29,265.3415151977539,train
2019-08-30,264.23369567871094,train
2019-09-03,266.3354736328125,train
2019-09-04,268.852419128418,train
2019-09-05,270.21074615478517,train
2019-09-06,270.87912506103515,train
2019-09-09,270.900068359375,train
2019-09-10,271.7373977661133,train
2019-09-11,273.20933624267576,train
2019-09-12,272.97925445556643,train
2019-09-13,272.6002606201172,train
2019-09-16,273.0139291381836,train
2019-09-17,272.9572134399414,train
2019-09-18,272.99080932617187,train
2019-09-19,272.30071197509767,train
2019-09-20,272.00770874023436,train
2019-09-23,270.7382772827148,train
2019-09-24,271.2945217895508,train
2019-09-25,270.9951379394531,train
2019-09-26,270.2398583984375,train
2019-09-27,270.3142221069336,train
2019-09-30,268.83501678466797,train
2019-10-01,264.59151733398437,train
2019-10-02,264.36685195922854,train
2019-10-03,266.6303192138672,train
2019-10-04,267.4372113037109,train
2019-10-07,264.2539907836914,train
2019-10-08,265.51730865478515,train
2019-10-09,266.12991485595705,train
2019-10-10,268.6872216796875,train
2019-10-11,270.3436978149414,train
2019-10-14,271.8385882568359,train
2019-10-15,272.27339935302734,train
2019-10-16,272.6910757446289,train
2019-10-17,271.9697933959961,train
2019-10-18,272.9261285400391,train
2019-10-21,272.72652313232425,train
2019-10-22,273.1909744262695,train
2019-10-23,273.5432781982422,train
2019-10-24,274.1324545288086,train
2019-10-25,276.16251403808593,train
2019-10-28,276.8268182373047,train
2019-10-29,277.12032196044925,train
2019-10-30,277.44516906738284,train
2019-10-31,278.44453674316406,train
2019-11-01,280.02785125732424,train
2019-11-04,280.4142419433594,train
2019-11-05,280.277333984375,train
2019-11-06,280.95233673095703,train
2019-11-07,281.99268524169923,train
2019-11-08,281.5044848632813,train
2019-11-11,281.7649526977539,train
2019-11-12,282.44669036865236,train
2019-11-13,282.56092651367186,train
2019-11-14,283.8598156738281,train
2019-11-15,284.3051052856445,train
2019-11-18,284.350348815918,train
2019-11-19,283.67295715332034,train
2019-11-20,283.5803170776367,train
2019-11-21,283.85569915771487,train
2019-11-22,285.24613677978516,train
2019-11-25,286.48481048583983,train
2019-11-26,286.8940765380859,train
2019-11-27,287.10063537597654,train
2019-11-29,285.2531689453125,train
2019-12-02,283.35405700683594,train
2019-12-03,283.82948913574216,train
2019-12-04,284.88013244628905,train
2019-12-05,285.926142578125,train
2019-12-06,286.45402923583987,train
2019-12-09,285.96720947265624,train
2019-12-10,286.46617218017576,train
2019-12-11,287.8940954589844,train
2019-12-12,290.31406372070313,train
2019-12-13,291.0982958984375,train
2019-12-16,291.5556689453125,train
2019-12-17,291.62651885986327,train
2019-12-18,292.22566589355466,train
2019-12-19,293.3263613891602,train
2019-12-20,294.07980682373045,train
2019-12-23,294.69361389160156,train
2019-12-24,295.4749783325195,train
2019-12-26,295.4025341796875,train
2019-12-27,294.88988037109374,train
2019-12-30,295.3343472290039,train
2019-12-31,296.9491363525391,train
2020-01-02,296.2640896606445,train
2020-01-03,296.5378094482422,train
2020-01-06,296.3216543579102,train
2020-01-07,296.9242401123047,train
2020-01-08,299.09118011474607,train
2020-01-09,298.845114440918,train
2020-01-10,300.1871371459961,train
2020-01-13,300.29167205810546,train
2020-01-14,300.67502960205076,train
2020-01-15,301.89560333251956,train
2020-01-16,303.5243899536133,train
2020-01-17,302.8331567382813,train
2020-01-21,303.1863171386719,train
2020-01-22,303.4838806152344,train
2020-01-23,302.0927279663086,train
2020-01-24,298.855751953125,train
2020-01-27,298.9672610473633,train
2020-01-28,299.8195462036133,train
2020-01-29,300.2416384887695,train
2020-01-30,297.1741976928711,train
2020-01-31,296.1023278808594,train
2020-02-03,300.2869348144531,train
2020-02-04,303.73363525390624,train
2020-02-05,305.627585144043,train
2020-02-06,304.62452728271484,train
2020-02-07,306.1329675292969,train
2020-02-10,306.2344973754883,train
2020-02-11,309.1085473632813,train
2020-02-12,308.97026977539065,train
2020-02-13,309.4506796264648,train
2020-02-14,309.07719146728516,train
2020-02-18,309.92053771972655,train
2020-02-19,308.9900262451172,train
2020-02-20,307.16522521972655,train
2020-02-21,299.54222106933594,train
2020-02-24,290.9260244750977,train
2020-02-25,286.1712091064453,train
2020-02-26,278.3723907470703,train
2020-02-27,273.45869384765626,train
2020-02-28,277.096116027832,train
2020-03-02,276.5946520996094,train
2020-03-03,280.5932250976563,train
2020-03-04,279.9696664428711,train
2020-03-05,274.0836102294922,train
2020-03-06,261.42763290405276,train
2020-03-09,256.8338540649414,train
2020-03-10,255.23696548461913,train
2020-03-11,240.3847799682617,train
2020-03-12,241.4309246826172,train
2020-03-13,229.10935729980469,train
2020-03-16,228.19175018310546,train
2020-03-17,224.3816816711426,train
2020-03-18,219.3130206298828,train
2020-03-19,215.47801727294922,train
2020-03-20,209.4246517944336,train
2020-03-23,218.1358644104004,train
2020-03-24,223.87425567626954,train
2020-03-25,234.91549072265624,train
2020-03-26,235.24712524414062,train
2020-03-27,238.15548446655274,train
2020-03-30,236.89058212280273,train
2020-03-31,230.6313525390625,train
2020-04-01,232.44103775024413,train
2020-04-02,229.56749069213868,train
2020-04-03,238.34191513061523,train
2020-04-06,240.9928970336914,train
2020-04-07,249.14168655395508,train
2020-04-08,254.62309326171874,train
2020-04-09,256.1903961181641,train
2020-04-13,258.4657106018066,train
2020-04-14,257.9930513000488,train
2020-04-15,257.11197967529296,train
2020-04-16,260.84070999145507,train
2020-04-17,260.50029724121094,train
2020-04-20,255.972333984375,train
2020-04-21,255.435799407959,train
2020-04-22,257.33113418579103,train
2020-04-23,259.3958369445801,train
2020-04-24,263.13586196899416,train
2020-04-27,264.5757510375977,train
2020-04-28,267.0588577270508,train
2020-04-29,268.4893930053711,train
2020-04-30,263.4199658203125,train
2020-05-01,261.6384196472168,train
2020-05-04,263.42088287353516,train
2020-05-05,262.68133056640625,train
2020-05-06,264.7043585205078,train
2020-05-07,267.0611492919922,train
2020-05-08,268.91154052734373,train
2020-05-11,266.3524041748047,train
2020-05-12,260.88481048583986,train
2020-05-13,261.7751969909668,train
2020-05-14,263.53984619140624,train
2020-05-15,268.04551788330076,train
2020-05-18,270.22663970947264,train
2020-05-19,272.4551397705078,train
2020-05-20,271.97794677734373,train
2020-05-21,272.5000149536133,train
2020-05-22,274.71454528808596,train
2020-05-26,278.77659423828123,train
2020-05-27,279.76600067138673,train
2020-05-28,280.7099087524414,train
2020-05-29,281.5864624023437,train
2020-06-01,283.3281506347656,train
2020-06-02,286.19043731689453,train
2020-06-03,288.6092541503906,train
2020-06-04,290.8366421508789,train
2020-06-05,295.5072317504883,train
2020-06-08,295.5225372314453,train
2020-06-09,293.6969891357422,train
2020-06-10,283.196086730957,train
2020-06-11,281.7225411987305,train
2020-06-12,283.3114538574219,train
2020-06-15,285.12566009521487,train
2020-06-16,287.14668731689454,train
2020-06-17,287.3829928588867,train
2020-06-18,286.71801818847655,train
2020-06-19,287.06062683105466,train
2020-06-22,287.97520416259766,train
2020-06-23,285.0755914306641,train
2020-06-24,284.2014410400391,train
2020-06-25,281.2215054321289,train
2020-06-26,281.8520394897461,train
2020-06-29,283.2821383666992,train
2020-06-30,286.0351629638672,train
2020-07-01,288.3144610595703,train
2020-07-02,290.46625885009763,train
2020-07-06,290.69458892822263,train
2020-07-07,292.28276458740237,train
2020-07-08,291.6898321533203,train
2020-07-09,293.61587005615235,train
2020-07-10,292.175244140625,train
2020-07-13,294.08181335449217,train
2020-07-14,296.27322052001955,train
2020-07-15,297.6276647949219,train
2020-07-16,297.12894836425784,train
2020-07-17,299.8689889526367,train
2020-07-20,300.2560638427734,train
2020-07-21,301.5321224975586,train
2020-07-22,300.8483004760742,train
2020-07-23,298.1802279663086,train
2020-07-24,298.29044952392576,train
2020-07-27,298.32634674072267,train
2020-07-28,300.20619812011716,train
2020-07-29,300.45091827392577,train
2020-07-30,301.39596588134765,train
2020-07-31,303.02866821289064,train
2020-08-03,304.84426055908204,train
2020-08-04,306.0067660522461,train
2020-08-05,308.77379150390624,train
2020-08-06,309.766282043457,train
2020-08-07,310.2744705200195,train
2020-08-10,309.65330017089843,train
2020-08-11,312.0140203857422,train
2020-08-12,312.22357849121096,train
2020-08-13,312.3723669433594,train
2020-08-14,312.54079162597657,train
2020-08-17,313.3179772949219,train
2020-08-18,312.98356872558594,train
2020-08-19,313.57776947021483,train
2020-08-20,314.2322772216797,train
2020-08-21,316.2334683227539,train
2020-08-24,318.9895086669922,train
2020-08-25,321.1386599731445,train
2020-08-26,321.71924377441405,train
2020-08-27,323.7789077758789,train
2020-08-28,324.39439971923827,train
2020-08-31,325.47634490966794,train
2020-09-01,328.57215270996096,train
2020-09-02,323.3901058959961,train
2020-09-03,321.33436584472656,train
2020-09-04,311.48756134033204,train
2020-09-08,312.68473052978516,train
2020-09-09,310.5656204223633,train
2020-09-10,310.6438626098633,train
2020-09-11,312.2565106201172,train
2020-09-14,313.75503631591795,train
2020-09-15,312.406357421875,train
2020-09-16,311.47035552978514,train
2020-09-17,309.8640283203125,train
2020-09-18,305.97458221435545,train
2020-09-21,305.9084213256836,train
2020-09-22,302.81115234375,train
2020-09-23,301.3320602416992,train
2020-09-24,303.8299041748047,train
2020-09-25,308.3969808959961,train
2020-09-28,309.632751159668,train
2020-09-29,310.8155545043945,train
2020-09-30,312.4403622436523,train
2020-10-01,311.8895422363281,train
2020-10-02,313.6849591064453,train
2020-10-05,312.58627655029295,train
2020-10-06,315.0811785888672,train
2020-10-07,317.99705688476564,train
2020-10-08,321.74235900878904,train
2020-10-09,325.26261260986325,train
2020-10-12,326.1649429321289,train
2020-10-13,324.6072927856445,train
2020-10-14,323.1752719116211,train
2020-10-15,322.4042449951172,train
2020-10-16,320.7121542358398,train
2020-10-19,319.40376861572264,train
2020-10-20,319.3966830444336,train
2020-10-21,320.2049868774414,train
2020-10-22,320.7743377685547,train
2020-10-23,318.1419549560547,train
2020-10-26,312.54749450683596,train
2020-10-27,307.8264031982422,train
2020-10-28,305.6541424560547,train
2020-10-29,304.4316049194336,train
2020-10-30,305.64977569580077,train
2020-11-02,308.9968423461914,train
2020-11-03,317.26316986083987,train
2020-11-04,323.23480712890625,train
2020-11-05,326.01914459228516,train
2020-11-06,327.4252682495117,train
2020-11-09,330.4912496948242,train
2020-11-10,329.3235906982422,train
2020-11-11,330.14713195800783,train
2020-11-12,330.6053140258789,train
2020-11-13,335.29174560546875,train
2020-11-16,334.8283938598633,train
2020-11-17,332.9326889038086,train
2020-11-18,332.26771942138674,train
2020-11-19,331.72305938720706,train
2020-11-20,332.8566815185547,train
2020-11-23,336.13306732177733,train
2020-11-24,337.0952151489258,train
2020-11-25,337.7846701049805,train
2020-11-27,337.3413830566406,train
2020-11-30,339.0186215209961,train
2020-12-01,340.8102523803711,train
2020-12-02,340.5531332397461,train
2020-12-03,342.61852142333987,train
2020-12-04,342.93345031738284,train
2020-12-07,343.53981201171877,train
2020-12-08,342.1443182373047,train
2020-12-09,342.16480438232423,train
2020-12-10,340.67993408203125,train
2020-12-11,340.03973266601565,train
2020-12-14,343.07216705322264,train
2020-12-15,343.57524353027344,train
2020-12-16,345.5339416503906,train
2020-12-17,344.9747491455078,train
2020-12-18,344.2581518554687,train
2020-12-21,344.8631842041016,train
2020-12-22,343.91236419677733,train
2020-12-23,345.0852883911133,train
2020-12-24,346.90078216552735,train
2020-12-28,346.74384155273435,train
2020-12-29,347.2208303833008,train
2020-12-30,347.6465051269531,train
2020-12-31,346.1808560180664,train
2021-01-04,346.1796697998047,train
2021-01-05,348.09487182617187,train
2021-01-06,352.99564270019533,train
2021-01-07,355.0926504516602,train
2021-01-08,353.8205535888672,train
2021-01-11,353.59639068603514,train
2021-01-12,354.57640533447267,train
2021-01-13,353.2678530883789,train
2021-01-14,351.9656396484375,train
2021-01-15,353.55017150878905,train
2021-01-19,356.6551782226563,train
2021-01-20,358.58363342285156,train
2021-01-21,357.6698519897461,train
2021-01-22,358.15039825439453,train
2021-01-25,357.5674578857422,train
2021-01-26,352.9973583984375,train
2021-01-27,352.10608367919923,train
2021-01-28,349.74045715332034,train
2021-01-29,349.70689971923827,train
2021-02-01,354.58127655029296,train
2021-02-02,356.8695245361328,train
2021-02-03,359.0807461547852,train
2021-02-04,361.4446078491211,train
2021-02-05,363.74781341552733,train
2021-02-08,364.45389251708986,train
2021-02-09,364.44139709472654,train
2021-02-10,365.27988708496093,train
2021-02-11,365.9883395385742,train
2021-02-12,365.7055715942383,train
2021-02-16,365.81729278564455,train
2021-02-17,364.15594787597655,train
2021-02-18,364.2160595703125,train
2021-02-19,362.6910092163086,train
2021-02-22,361.6558242797852,train
2021-02-23,363.76587890625,train
2021-02-24,359.47308227539065,train
2021-02-25,357.41173278808594,train
2021-02-26,361.38862670898436,train
2021-03-01,362.10769439697265,train
2021-03-02,357.5258013916016,train
2021-03-03,353.9509744262695,train
2021-03-04,357.8406723022461,train
2021-03-05,357.9625610351562,train
2021-03-08,359.12716705322265,train
2021-03-09,362.74052642822267,train
2021-03-10,366.88692443847657,train
2021-03-11,366.93829040527345,train
2021-03-12,368.3477178955078,train
2021-03-15,369.2135260009766,train
2021-03-16,370.0495004272461,train
2021-03-17,367.1957482910156,train
2021-03-18,366.250608215332,train
2021-03-19,367.38110290527345,train
2021-03-22,365.2808074951172,train
2021-03-23,364.30026580810545,train
2021-03-24,365.8928189086914,train
2021-03-25,368.1400616455078,train
2021-03-26,370.2225314331055,train
2021-03-29,369.79856658935546,train
2021-03-30,370.24718872070315,train
2021-03-31,372.52420715332033,train
2021-04-01,380.0350073242187,train
2021-04-05,380.90441833496095,train
2021-04-06,380.75754974365236,train
2021-04-07,382.1517901611328,train
2021-04-08,384.1315692138672,train
2021-04-09,385.78209808349607,train
2021-04-12,386.2719366455078,train
2021-04-13,386.5662142944336,train
2021-04-14,387.9393499755859,train
2021-04-15,389.7072250366211,train
2021-04-16,388.5340417480469,train
2021-04-19,386.84875030517577,train
2021-04-20,388.92628356933596,train
2021-04-21,387.6162335205078,train
2021-04-22,388.91811004638674,train
2021-04-23,390.16481536865234,train
2021-04-26,391.3034967041016,train
2021-04-27,391.4953067016602,train
2021-04-28,392.44838256835936,train
2021-04-29,391.81186309814456,train
2021-04-30,391.1259466552734,train
2021-05-03,390.5400280761719,train
2021-05-04,388.10297790527346,train
2021-05-05,390.53485626220703,train
2021-05-06,393.22451385498044,train
2021-05-07,392.7816122436523,train
2021-05-10,389.257467956543,train
2021-05-11,383.4114981079102,train
2021-05-12,381.2688833618164,train
2021-05-13,388.0016751098633,train
2021-05-14,388.55007202148437,train
2021-05-17,386.60949340820315,train
2021-05-18,386.35184783935546,train
2021-05-19,388.15189392089843,train
2021-05-20,388.4661605834961,train
2021-05-21,390.68974029541016,train
2021-05-24,392.3613815307617,train
2021-05-25,392.19212158203123,train
2021-05-26,393.508957824707,train
2021-05-27,393.1983218383789,train
2021-05-28,393.06515045166014,train
2021-06-01,393.3910287475586,train
2021-06-02,392.98165618896485,train
2021-06-03,395.0685516357422,train
2021-06-04,395.3750744628906,train
2021-06-07,395.3336770629883,train
2021-06-08,395.109684753418,train
2021-06-09,396.2402310180664,train
2021-06-10,397.2104501342773,train
2021-06-11,397.8812829589844,train
2021-06-14,397.2917053222656,train
2021-06-15,396.3008071899414,train
2021-06-16,395.5104782104492,train
2021-06-17,392.0967626953125,train
2021-06-18,394.7170120239258,train
2021-06-21,396.05973663330076,train
2021-06-22,397.43926605224607,train
2021-06-23,398.7137921142578,train
2021-06-24,400.5313931274414,train
2021-06-25,401.6308676147461,train
2021-06-28,401.921806640625,train
2021-06-29,401.9412731933594,train
2021-06-30,403.34739349365236,train
2021-07-01,406.3262255859375,train
2021-07-02,407.35279205322263,train
2021-07-06,407.4035543823242,train
2021-07-07,406.2447113037109,train
2021-07-08,407.8570556640625,train
2021-07-09,409.374130859375,train
2021-07-12,409.44020111083984,train
2021-07-13,409.5520947265625,train
2021-07-14,408.4255676269531,train
2021-07-15,406.01850860595704,train
2021-07-16,401.6553256225586,train
2021-07-19,402.48790649414065,train
2021-07-20,407.0870523071289,train
2021-07-21,408.91530181884764,train
2021-07-22,410.1402798461914,train
2021-07-23,414.17662231445314,train
2021-07-26,412.9964309692383,train
2021-07-27,412.76765075683596,train
2021-07-28,413.67655212402343,train
2021-07-29,412.56913818359374,train
2021-07-30,412.0796722412109,train
2021-08-02,413.81623046875,train
2021-08-03,413.50658813476565,train
2021-08-04,414.61640625,train
2021-08-05,416.03311737060545,train
2021-08-06,415.4955847167969,train
2021-08-09,415.84711517333983,train
2021-08-10,416.56183685302733,train
2021-08-11,417.2421975708008,train
2021-08-12,418.9362673950195,train
2021-08-13,419.8641247558594,train
2021-08-16,418.08621887207033,train
2021-08-17,415.0574789428711,train
2021-08-18,413.1714752197266,train
2021-08-19,415.3546270751953,train
2021-08-20,418.85640319824216,train
2021-08-23,420.43537506103513,train
2021-08-24,421.4034664916992,train
2021-08-25,420.27256958007814,train
2021-08-26,421.87083221435546,train
2021-08-27,423.8008428955078,train
2021-08-30,424.63523345947266,train
2021-08-31,424.65135284423826,train
2021-09-01,425.35674224853517,train
2021-09-02,425.8417852783203,train
2021-09-03,424.8685876464844,train
2021-09-07,424.1419479370117,train
2021-09-08,422.1873303222656,train
2021-09-09,420.41432098388674,train
2021-09-10,419.86149993896487,train
2021-09-13,417.9849893188477,train
2021-09-14,419.3587191772461,train
2021-09-15,419.8795007324219,train
2021-09-16,417.3567611694336,train
2021-09-17,411.4605612182617,train
2021-09-20,409.1089123535156,train
2021-09-21,412.00953582763674,train
2021-09-22,416.1397509765625,train
2021-09-23,418.4584881591797,train
2021-09-24,417.41860534667967,train
2021-09-27,412.84870971679686,train
2021-09-28,409.75218688964844,train
2021-09-29,406.67574188232425,train
2021-09-30,407.7881405639648,train
2021-10-01,406.46919708251954,train
2021-10-04,406.75879943847656,train
2021-10-05,409.7864135742187,train
2021-10-06,411.79082153320314,train
2021-10-07,412.65547119140626,train
2021-10-08,410.7564050292969,train
2021-10-11,409.33239288330077,train
2021-10-12,410.35953857421873,train
2021-10-13,413.86665618896484,train
2021-10-14,419.0169381713867,train
2021-10-15,420.8426245117187,train
2021-10-18,423.3709506225586,train
2021-10-19,425.78441436767577,train
2021-10-20,427.3627688598633,train
2021-10-21,428.2006954956055,train
2021-10-22,428.4946826171875,train
2021-10-25,430.13419647216796,train
2021-10-26,429.0770223999023,train
2021-10-27,430.4898275756836,train
2021-10-28,432.78602142333983,train
2021-10-29,434.0734750366211,train
2021-11-01,434.5610034179688,train
2021-11-02,436.4451419067383,train
2021-11-03,439.5120413208008,train
2021-11-04,441.2203973388672,train
2021-11-05,441.013791809082,train
2021-11-08,440.26369110107424,train
2021-11-09,438.08248229980467,train
2021-11-10,437.4437078857422,train
2021-11-11,439.55435272216795,train
2021-11-12,440.84097076416015,train
2021-11-15,441.88758270263673,train
2021-11-16,441.38010467529296,train
2021-11-17,441.91378143310544,train
2021-11-18,441.703994140625,train
2021-11-19,440.3929672241211,train
2021-11-22,441.09083099365233,train
2021-11-23,441.1700021362305,train
2021-11-24,435.824453125,train
2021-11-26,436.4573825073242,train
2021-11-29,432.18839294433593,train
2021-11-30,427.02547149658204,train
2021-12-01,427.76956665039063,train
2021-12-02,429.80942504882813,train
2021-12-03,429.11299987792967,train
2021-12-06,437.8022985839844,train
2021-12-07,441.3898489379883,train
2021-12-08,440.22438873291014,train
2021-12-09,442.19045104980466,train
2021-12-10,439.7824252319336,train
2021-12-13,437.8647610473633,train
2021-12-14,440.88768280029296,train
2021-12-15,439.4661276245117,train
2021-12-16,437.0578030395508,train
2021-12-17,432.7122872924805,train
2021-12-20,435.1682458496094,train
2021-12-21,439.64254119873044,train
2021-12-22,443.2379992675781,train
2021-12-23,448.97703857421874,train
2021-12-27,450.77617279052737,train
2021-12-28,451.04927429199216,train
2021-12-29,450.47236572265626,train
2021-12-30,449.6059838867188,train
2021-12-31,451.3511065673828,train
2022-01-03,450.35071685791013,train
2022-01-04,445.11967376708986,train
2022-01-05,441.9772152709961,train
2022-01-06,440.5906985473633,train
2022-01-07,439.7980740356445,train
2022-01-10,442.4955212402344,train
2022-01-11,444.1944915771484,train
2022-01-12,442.15379455566404,train
2022-01-13,438.644482421875,train
2022-01-14,434.5587680053711,train
2022-01-18,428.9959985351563,train
2022-01-19,424.5705160522461,train
2022-01-20,418.0744317626953,train
2022-01-21,414.6514584350586,train
2022-01-24,412.4302642822266,train
2022-01-25,410.8286376953125,train
2022-01-26,410.7070471191406,train
2022-01-27,414.31962524414064,train
2022-01-28,422.0661938476562,train
2022-01-31,425.57251708984376,train
2022-02-01,431.12206085205077,train
2022-02-02,426.4386877441406,train
2022-02-03,424.1996417236328,train
2022-02-04,423.8309045410156,train
2022-02-07,425.1484494018555,train
2022-02-08,429.32991394042966,train
2022-02-09,427.40590728759764,train
2022-02-10,420.84829193115235,train
2022-02-11,415.6323498535156,train
2022-02-14,418.3605676269531,train
2022-02-15,420.6721664428711,train
2022-02-16,416.555166015625,train
2022-02-17,411.50486267089843,train
2022-02-18,408.27500610351564,train
2022-02-22,403.06511627197267,train
2022-02-23,403.68234283447265,train
2022-02-24,407.6981100463867,train
2022-02-25,412.59956726074216,train
2022-02-28,409.86169067382815,train
2022-03-01,411.6197521972656,train
2022-03-02,412.3672747802734,train
2022-03-03,410.2045837402344,train
2022-03-04,401.11124755859373,train
2022-03-07,395.4445541381836,train
2022-03-08,402.43447845458985,train
2022-03-09,402.9471771240234,train
2022-03-10,399.4676989746094,train
2022-03-11,397.73048431396484,train
2022-03-14,402.28598876953123,train
2022-03-15,408.6653179931641,train
2022-03-16,413.13542419433594,train
2022-03-17,420.5208422851563,train
2022-03-18,422.34161682128905,train
2022-03-21,424.8668832397461,train
2022-03-22,423.96879516601564,train
2022-03-23,425.7394076538086,train
2022-03-24,428.5138873291016,train
2022-03-25,432.00394256591795,train
2022-03-28,435.88023529052737,train
2022-03-29,436.8739639282227,train
2022-03-30,430.5083889770508,train
2022-03-31,429.2580386352539,train
2022-04-01,432.3109469604492,train
2022-04-04,429.92131958007815,train
2022-04-05,426.44531982421876,train
2022-04-06,424.8769451904297,train
2022-04-07,424.5275857543945,train
2022-04-08,420.3886331176758,train
2022-04-11,416.6480194091797,train
2022-04-12,418.2227484130859,train
2022-04-13,417.2878176879883,train
2022-04-14,415.12462432861327,train
2022-04-18,418.95808197021483,train
2022-04-19,421.39345977783205,train
2022-04-20,418.23075286865236,train
2022-04-21,408.26408142089844,train
2022-04-22,408.1375045776367,train
2022-04-25,397.09595764160156,train
2022-04-26,396.95392242431643,train
2022-04-27,403.0447650146484,train
2022-04-28,394.72202239990236,train
2022-04-29,393.1636813354492,train
2022-05-02,391.7458148193359,train
2022-05-03,401.67765533447266,train
2022-05-04,397.79167724609374,train
2022-05-05,392.16785552978513,train
2022-05-06,382.3398785400391,train
2022-05-09,377.33756774902344,train
2022-05-10,374.4777685546875,train
2022-05-11,373.44158203125,train
2022-05-12,378.66097076416014,train
2022-05-13,380.57636962890626,train
2022-05-16,384.77048828125,train
2022-05-17,377.77687072753906,train
2022-05-18,369.19272857666016,train
2022-05-19,368.88784759521485,train
2022-05-20,371.98795349121093,train
2022-05-23,376.02769470214844,train
2022-05-24,376.53343688964844,train
2022-05-25,381.8131005859375,train
2022-05-26,390.33488098144534,train
2022-05-27,393.0688931274414,train
2022-05-31,389.716455078125,train
2022-06-01,392.82289733886716,train
2022-06-02,391.559892578125,train
2022-06-03,391.032522277832,train
2022-06-06,393.21523223876954,train
2022-06-07,390.71172393798827,train
2022-06-08,384.45280822753904,train
2022-06-09,374.36799591064454,train
2022-06-10,362.25467559814456,train
2022-06-13,355.55357360839844,train
2022-06-14,357.9261636352539,train
2022-06-15,352.1019863891602,train
2022-06-16,349.759130859375,train
2022-06-17,354.88903259277345,train
2022-06-21,356.8284811401367,train
2022-06-22,359.2751654052734,train
2022-06-23,366.91831451416016,train
2022-06-24,369.19508056640626,train
2022-06-27,364.68940216064453,train
2022-06-28,364.0890170288086,train
2022-06-29,362.09656127929685,train
2022-06-30,361.19789520263674,train
2022-07-01,364.28621337890627,train
2022-07-05,364.8805010986328,train
2022-07-06,367.62217529296873,train
2022-07-07,369.4241970825195,train
2022-07-08,366.1826550292969,train
2022-07-11,363.6121856689453,train
2022-07-12,362.41604888916015,train
2022-07-13,361.5164181518555,train
2022-07-14,365.09909393310545,train
2022-07-15,364.7994970703125,train
2022-07-18,370.2692694091797,train
2022-07-19,376.5065231323242,train
2022-07-20,378.96182739257813,train
2022-07-21,377.72253570556643,train
2022-07-22,377.09264282226565,train
2022-07-25,375.91297149658203,train
2022-07-26,379.8798263549805,train
2022-07-27,384.4631018066406,train
2022-07-28,390.2427365112305,train
2022-07-29,391.80576751708986,train
2022-08-01,388.7411392211914,train
2022-08-02,391.44690704345703,train
2022-08-03,394.54650451660154,train
2022-08-04,394.1638540649414,train
2022-08-05,394.1853433227539,train
2022-08-08,393.0237176513672,train
2022-08-09,397.6922439575195,train
2022-08-10,399.1052523803711,train
2022-08-11,403.93861694335936,train
2022-08-12,406.7312322998047,train
2022-08-15,408.3033438110352,train
2022-08-16,407.34942016601565,train
2022-08-17,406.6896514892578,train
2022-08-18,403.37240234375,train
2022-08-19,397.7487615966797,train
2022-08-22,393.22574523925783,train
2022-08-23,393.8829891967773,train
2022-08-24,397.67037384033205,train
2022-08-25,391.19035705566404,train
2022-08-26,385.49508392333985,train
2022-08-29,381.4648406982422,train
2022-08-30,377.41446411132813,train
2022-08-31,377.6306051635742,train
2022-09-01,376.47041107177733,train
2022-09-02,373.37004486083987,train
2022-09-06,376.91398162841796,train
2022-09-07,380.0919201660156,train
2022-09-08,385.56879150390625,train
2022-09-09,388.6546942138672,train
2022-09-12,380.1061685180664,train
2022-09-13,374.9930407714844,train
2022-09-14,374.0777392578125,train
2022-09-15,368.75536468505857,train
2022-09-16,369.4283728027344,train
2022-09-19,367.99208374023436,train
2022-09-20,363.4949346923828,train
2022-09-21,359.7025814819336,train
2022-09-22,355.23630584716796,train
2022-09-23,350.209560546875,train
2022-09-26,350.00008575439455,train
2022-09-27,352.11535095214845,train
2022-09-28,349.0408450317383,train
2022-09-29,345.28777557373047,train
2022-09-30,349.3804901123047,train
2022-10-03,358.0340725708008,train
2022-10-04,361.3150823974609,train
2022-10-05,358.7553237915039,train
2022-10-06,351.79823974609377,train
2022-10-07,347.0083166503906,train
2022-10-10,343.8642956542969,train
2022-10-11,343.22824432373045,train
2022-10-12,348.46133880615236,train
2022-10-13,344.71674194335935,train
2022-10-14,349.8634677124023,train
2022-10-17,354.205221862793,train
2022-10-18,354.6159609985352,train
2022-10-19,351.2803656005859,train
2022-10-20,354.7076614379883,train
2022-10-21,360.2027764892578,train
2022-10-24,366.39363372802734,train
2022-10-25,365.9495608520508,train
2022-10-26,365.37382354736326,train
2022-10-27,369.9863735961914,train
2022-10-28,372.10460083007814,train
2022-10-31,368.18797760009767,train
2022-11-01,361.7456103515625,train
2022-11-02,358.8054266357422,train
2022-11-03,359.3408905029297,train
2022-11-04,363.7917846679687,train
2022-11-07,365.30368072509765,train
2022-11-08,362.03074645996094,train
2022-11-09,369.7627426147461,train
2022-11-10,379.9463485717773,train
2022-11-11,379.1909954833984,train
2022-11-14,380.81962432861326,train
2022-11-15,378.20098876953125,train
2022-11-16,378.3927517700195,train
2022-11-17,379.17624938964843,train
2022-11-18,378.64860443115236,train
2022-11-21,382.4980059814453,train
2022-11-22,384.6174917602539,train
2022-11-23,384.83939361572266,train
2022-11-25,381.4879122924805,train
2022-11-28,379.30066864013673,train
2022-11-29,387.1278671264648,train
2022-11-30,388.5713397216797,train
2022-12-01,388.94811279296874,train
2022-12-02,385.0623620605469,train
2022-12-05,378.07638763427735,train
2022-12-06,377.1093310546875,train
2022-12-07,379.4478256225586,train
2022-12-08,379.14147705078125,train
2022-12-09,380.0075970458984,train
2022-12-12,383.62331329345704,train
2022-12-13,383.75266235351563,train
2022-12-14,376.07572265625,train
2022-12-15,371.4232873535156,train
2022-12-16,366.53865020751954,train
2022-12-19,365.70673767089846,train
2022-12-20,369.7965396118164,train
2022-12-21,367.75466888427735,train
2022-12-22,367.41524291992187,train
2022-12-23,366.917721862793,train
2022-12-27,363.9668347167969,train
2022-12-28,367.3592907714844,train
2022-12-29,367.4046661376953,train
2022-12-30,366.27733734130857,train
2023-01-03,368.7370880126953,train
2023-01-04,366.673271484375,train
2023-01-05,370.53859344482424,train
2023-01-06,373.8589245605469,train
2023-01-09,376.2320623779297,train
2023-01-10,379.350637512207,train
2023-01-11,381.5662875366211,train
2023-01-12,383.0257034301758,train
2023-01-13,383.36995971679687,train
2023-01-17,378.834719543457,train
2023-01-18,374.7914456176758,train
2023-01-19,379.5505587768555,train
2023-01-20,382.84913177490233,train
2023-01-23,386.22353302001954,train
2023-01-24,384.98110565185544,train
2023-01-25,388.8856457519531,train
2023-01-26,389.65296356201173,train
2023-01-27,386.9136923217773,train
2023-01-30,389.4937075805664,train
2023-01-31,392.7294403076172,train
2023-02-01,397.99428985595705,train
2023-02-02,397.6714215087891,train
2023-02-03,394.495751953125,train
2023-02-06,396.3918664550781,train
2023-02-07,395.02426574707033,train
2023-02-08,392.6264126586914,train
2023-02-09,392.1895394897461,train
2023-02-10,393.9965411376953,train
2023-02-13,395.91832427978517,train
2023-02-14,396.2489828491211,train
2023-02-15,393.6765689086914,train
2023-02-16,391.8748504638672,train
2023-02-17,385.84951568603515,train
2023-02-21,383.20574279785154,train
2023-02-22,384.0514282226562,train
2023-02-23,383.1811813354492,train
2023-02-24,381.9812579345703,train
2023-02-27,381.0102093505859,train
2023-02-28,380.1550213623047,train
2023-03-01,381.25637115478514,train
2023-03-02,386.8623779296875,train
2023-03-03,387.8121304321289,train
2023-03-06,385.38305816650393,train
2023-03-07,382.67287109375,train
2023-03-08,379.46206146240235,train
2023-03-09,373.00316833496095,train
2023-03-10,370.2440475463867,train
2023-03-13,373.53415618896486,train
2023-03-14,375.6506106567383,train
2023-03-15,378.48932708740233,train
2023-03-16,378.4332543945313,train
2023-03-17,378.19721130371096,train
2023-03-20,383.6377072143555,train
2023-03-21,381.66437866210936,train
2023-03-22,378.35556243896485,train
2023-03-23,381.4556311035156,train
2023-03-24,383.1601324462891,train
2023-03-27,381.4823901367188,train
2023-03-28,385.1808486938477,train
2023-03-29,389.3024752807617,train
2023-03-30,392.7958233642578,train
2023-03-31,395.64050933837893,train
2023-04-03,394.7622708129883,train
2023-04-04,394.18302978515624,train
2023-04-05,394.1090640258789,train
2023-04-06,395.3502536010742,train
2023-04-10,395.25690216064453,train
2023-04-11,394.7161410522461,train
2023-04-12,396.98351135253904,train
2023-04-13,397.4853991699219,train
2023-04-14,398.70800354003904,train
2023-04-17,399.0076019287109,train
2023-04-18,400.466884765625,train
2023-04-19,397.79981903076174,train
2023-04-20,397.47987762451174,train
2023-04-21,397.0518609619141,train
2023-04-24,394.10962860107423,train
2023-04-25,390.7311151123047,train
2023-04-26,396.0351135253906,train
2023-04-27,399.4831988525391,train
2023-04-28,400.8632870483398,train
2023-05-01,398.30443359375,train
2023-05-02,395.01297668457033,train
2023-05-03,392.6642532348633,train
2023-05-04,396.5982913208008,train
2023-05-05,398.12701812744143,train
2023-05-08,396.7014221191406,train
2023-05-09,397.66838012695314,train
2023-05-10,397.6163037109375,train
2023-05-11,397.3038461303711,train
2023-05-12,397.72106170654297,train
2023-05-15,396.89371002197265,train
2023-05-16,398.9809814453125,train
2023-05-17,402.17537384033204,train
2023-05-18,404.2825845336914,train
2023-05-19,404.1150238037109,train
2023-05-22,401.78827301025393,train
2023-05-23,399.0139813232422,train
2023-05-24,399.3872775268555,train
2023-05-25,403.59699798583983,train
2023-05-26,404.83890258789063,train
2023-05-30,404.30719818115233,train
2023-05-31,405.97297760009764,train
2023-06-01,410.148369140625,train
2023-06-02,412.7436166381836,train
2023-06-05,412.82307891845704,train
2023-06-06,412.551877746582,train
2023-06-07,413.7165087890625,train
2023-06-08,413.8338705444336,train
2023-06-09,416.6890170288086,train
2023-06-12,420.3515682983398,train
2023-06-13,422.0604534912109,train
2023-06-14,424.899582824707,train
2023-06-15,426.2634344482422,train
2023-06-16,424.18794616699216,train
2023-06-20,422.41136627197267,train
2023-06-21,422.28010711669924,train
2023-06-22,420.5223583984375,train
2023-06-23,418.8730499267578,train
2023-06-26,420.9578421020508,train
2023-06-27,421.96220458984374,train
2023-06-28,423.37526733398437,train
2023-06-29,427.1915481567383,train
2023-06-30,429.7584295654297,train
2023-07-03,429.2189910888672,train
2023-07-05,427.0995297241211,train
2023-07-06,425.1074276733398,train
2023-07-07,425.3001419067383,train
2023-07-10,427.0313024902344,train
2023-07-11,430.6252331542969,train
2023-07-12,434.5038217163086,train
2023-07-13,434.8348278808594,train
2023-07-14,435.33500427246094,train
2023-07-17,438.21697692871095,train
2023-07-18,440.16322204589846,train
2023-07-19,438.75603759765625,train
2023-07-20,438.47281158447265,train
2023-07-21,439.28335845947265,train
2023-07-24,440.6447994995117,train
2023-07-25,440.61548919677733,train
2023-07-26,439.62852447509766,train
2023-07-27,441.7801541137695,train
2023-07-28,442.3986636352539,train
2023-07-31,441.4792950439453,train
2023-08-01,437.8600738525391,train
2023-08-02,435.4630990600586,train
2023-08-03,433.456618347168,train
2023-08-04,435.45232849121095,train
2023-08-07,434.8311123657227,train
2023-08-08,432.4230700683594,train
2023-08-09,431.9100085449219,train
2023-08-10,432.0951364135742,train
2023-08-11,433.0762237548828,train
2023-08-14,430.3255563354492,train
2023-08-15,426.7548510742188,train
2023-08-16,423.35322204589846,train
2023-08-17,421.9363696289063,train
2023-08-18,423.37489196777346,train
2023-08-21,425.0980062866211,train
2023-08-22,427.2251840209961,train
2023-08-23,427.4338973999023,train
2023-08-24,424.9127493286133,train
2023-08-25,427.7041751098633,train
2023-08-28,432.09398559570315,train
2023-08-29,435.44611419677733,train
2023-08-30,436.0713412475586,train
2023-08-31,436.2044479370117,train
2023-09-01,435.9802462768555,train
2023-09-05,433.3443811035156,train
2023-09-06,431.2249984741211,train
2023-09-07,431.6874124145508,train
2023-09-08,432.5731546020508,train
2023-09-11,432.19022094726563,train
2023-09-12,432.71695098876955,train
2023-09-13,434.2808282470703,train
2023-09-14,431.7455657958984,train
2023-09-15,431.18217407226564,train
2023-09-18,430.5611267089844,train
2023-09-19,428.3353237915039,train
2023-09-20,421.7630673217773,train
2023-09-21,418.84795623779297,train
2023-09-22,419.0570721435547,train
2023-09-25,415.3642864990234,train
2023-09-26,414.28560638427734,train
2023-09-27,415.17640106201173,train
2023-09-28,415.70151489257813,train
2023-09-29,414.7915087890625,train
2023-10-02,412.06305114746095,train
2023-10-03,411.6807174682617,train
2023-10-04,412.9866604614258,train
2023-10-05,415.5477551269531,train
2023-10-06,419.48744232177734,train
2023-10-09,421.00728485107425,train
2023-10-10,423.29452850341795,train
2023-10-11,422.48891876220705,train
2023-10-12,420.8066705322266,train
2023-10-13,421.5710446166992,train
2023-10-16,423.46725006103514,train
2023-10-17,420.5828253173828,train
2023-10-18,417.1406893920898,train
2023-10-19,410.5476290893555,train
2023-10-20,408.44351867675783,train
2023-10-23,409.5045669555664,train
2023-10-24,408.3036117553711,train
2023-10-25,402.3048977661133,train
2023-10-26,400.4858557128906,train
2023-10-27,402.27252380371095,train
2023-10-30,402.740378112793,test
2023-10-31,402.79182800292966,test
2023-11-01,409.23186431884767,test
2023-11-02,420.6847506713867,test
2023-11-03,423.5669549560547,test
2023-11-06,423.20575256347655,test
2023-11-07,423.9678369140625,test
2023-11-08,424.41007629394534,test
2023-11-09,424.4317468261719,test
2023-11-10,429.6523944091797,test
2023-11-13,429.75854736328125,test
2023-11-14,435.1382470703125,test
2023-11-15,436.8261541748047,test
2023-11-16,437.1248629760742,test
2023-11-17,439.44038848876954,test
2023-11-20,440.93188720703125,test
2023-11-21,440.2892303466797,test
2023-11-22,440.0400378417969,test
2023-11-24,439.6863250732422,test
2023-11-27,439.38837982177733,test
2023-11-28,439.4071649169922,test
2023-11-29,439.944641418457,test
2023-11-30,440.23414123535156,test
2023-12-01,445.1195928955078,test
2023-12-04,440.14818969726565,test
2023-12-05,440.54499450683596,test
2023-12-06,440.3114859008789,test
2023-12-07,446.25244201660155,test
2023-12-08,446.3973040771484,test
2023-12-11,448.84879608154296,test
2023-12-12,448.7011727905273,test
2023-12-13,447.84787841796873,test
2023-12-14,447.56406768798826,test
2023-12-15,447.56406768798826,test
2023-12-18,447.6233853149414,test
2023-12-19,448.0870062255859,test
2023-12-20,447.5581707763672,test
2023-12-21,447.57583892822265,test
2023-12-22,447.79796905517577,test
2023-12-26,448.15964080810545,test
2023-12-27,448.0592202758789,test
2023-12-28,447.879873046875,test
2023-12-29,447.8119564819336,test
2024-01-02,447.4013345336914,test
2024-01-03,447.3654846191406,test
2024-01-04,444.9989846801758,test
2024-01-05,444.8033706665039,test
2024-01-08,444.7561682128906,test
2024-01-09,445.0605667114258,test
2024-01-10,444.7432107543945,test
2024-01-11,444.7704501342773,test
2024-01-12,445.0350259399414,test
2024-01-16,444.7858709716797,test
2024-01-17,444.9588345336914,test
2024-01-18,445.284182434082,test
2024-01-19,444.7603302001953,test
2024-01-22,445.24331268310544,test
2024-01-23,445.19469146728517,test
2024-01-24,444.9402389526367,test
2024-01-25,444.8771447753906,test
2024-01-26,444.9402389526367,test
2024-01-29,445.2191912841797,test
2024-01-30,445.2191912841797,test
2024-01-31,445.1825854492188,test
2024-02-01,444.9402389526367,test
2024-02-02,444.9402389526367,test
2024-02-05,444.9402389526367,test
2024-02-06,445.19469146728517,test
2024-02-07,444.8771447753906,test
2024-02-08,445.19469146728517,test
2024-02-09,445.2191912841797,test
2024-02-12,445.2149346923828,test
2024-02-13,445.1825854492188,test
2024-02-14,445.05015625,test
2024-02-15,445.4558612060547,test
2024-02-16,445.18987030029297,test
2024-02-20,444.72277679443357,test
2024-02-21,444.7977871704102,test
2024-02-22,444.94752380371096,test
2024-02-23,445.2149346923828,test
2024-02-26,445.19469146728517,test
2024-02-27,445.19469146728517,test
2024-02-28,445.49350891113284,test
2024-02-29,445.24331268310544,test
2024-03-01,445.1933676147461,test
2024-03-04,445.44782012939453,test
2024-03-05,445.0092922973633,test
2024-03-06,444.9952938842773,test
2024-03-07,445.1776657104492,test
2024-03-08,445.18845031738283,test
2024-03-11,444.7977871704102,test
2024-03-12,445.0092922973633,test
2024-03-13,445.53541381835936,test
2024-03-14,445.19053253173826,test
2024-03-15,444.7561682128906,test
2024-03-18,444.7603302001953,test
2024-03-19,445.04514587402343,test
2024-03-20,444.88442962646485,test
2024-03-21,445.4680633544922,test
2024-03-22,445.1933676147461,test
2024-03-25,445.19469146728517,test
2024-03-26,445.4631460571289,test
2024-03-27,445.143896484375,test
2024-03-28,444.9029699707031,test
2024-04-01,445.222219543457,test
2024-04-02,444.7858709716797,test
2024-04-03,445.0350259399414,test
2024-04-04,445.21058959960936,test
2024-04-05,445.4120687866211,test
2024-04-08,445.5865924072266,test
2024-04-09,445.296953125,test
2024-04-10,445.20165252685547,test
2024-04-11,445.16703063964843,test
2024-04-12,445.2287063598633,test
2024-04-15,445.46396209716795,test
2024-04-16,445.2431881713867,test
2024-04-17,445.3055239868164,test
2024-04-18,445.3055239868164,test
2024-04-19,445.3055239868164,test
2024-04-22,445.26797149658205,test
2024-04-23,445.7262677001953,test
2024-04-24,445.7234295654297,test
2024-04-25,445.1174752807617,test
2024-04-26,445.7262677001953,test
2024-04-29,446.27574920654297,test
2024-04-30,445.8578436279297,test
2024-05-01,445.3055239868164,test
2024-05-02,446.2785873413086,test
2024-05-03,446.11848999023437,test
2024-05-06,446.75509002685544,test
2024-05-07,446.1352282714844,test
2024-05-08,446.1352282714844,test
2024-05-09,446.1352282714844,test
2024-05-10,446.29442504882815,test
2024-05-13,446.29442504882815,test
2024-05-14,446.30766662597654,test
2024-05-15,446.1875338745117,test
2024-05-16,445.6319006347656,test
2024-05-17,445.74209747314455,test
2024-05-20,445.1727462768555,test
2024-05-21,445.1727462768555,test
2024-05-22,445.1727462768555,test
2024-05-23,445.2191912841797,test
2024-05-24,445.19894805908206,test
2024-05-28,445.19469146728517,test
2024-05-29,445.19469146728517,test
2024-05-30,445.46494750976564,test
2024-05-31,445.24114196777344,test
2024-06-03,445.5865924072266,test
2024-06-04,445.5865924072266,test
2024-06-05,445.8647848510742,test
2024-06-06,445.43703796386717,test
2024-06-07,445.4328759765625,test
2024-06-10,445.43703796386717,test
2024-06-11,445.43703796386717,test
2024-06-12,445.2149346923828,test
2024-06-13,445.19894805908206,test
2024-06-14,445.19894805908206,test
2024-06-17,445.3717678833008,test
2024-06-18,445.37905151367187,test
2024-06-20,444.9703179931641,test
2024-06-21,445.2191912841797,test
2024-06-24,445.19469146728517,test
2024-06-25,445.19469146728517,test
2024-06-26,445.19469146728517,test
2024-06-27,445.15742248535156,test
2024-06-28,444.94752380371096,test
2024-07-01,444.79561126708984,test
2024-07-02,445.22004364013674,test
2024-07-03,445.22004364013674,test
2024-07-05,445.19469146728517,test
2024-07-08,445.19469146728517,test
2024-07-09,445.19469146728517,test
2024-07-10,445.19894805908206,test
2024-07-11,445.19469146728517,test
2024-07-12,445.19469146728517,test
2024-07-15,445.19469146728517,test
2024-07-16,445.19469146728517,test
2024-07-17,445.4680633544922,test
2024-07-18,445.0308639526367,test
2024-07-19,445.0605667114258,test
2024-07-22,445.0328500366211,test
2024-07-23,445.05839080810546,test
2024-07-24,445.2380697631836,test
2024-07-25,445.50273986816404,test
2024-07-26,445.27931518554686,test
2024-07-29,445.27931518554686,test
2024-07-30,445.77942535400393,test
2024-07-31,445.7967852783203,test
2024-08-01,445.3112939453125,test
2024-08-02,445.3055239868164,test
2024-08-05,445.3055239868164,test
2024-08-06,445.3055239868164,test
2024-08-07,445.2646594238281,test
2024-08-08,445.7262677001953,test
2024-08-09,445.7234295654297,test
2024-08-12,445.7234295654297,test
2024-08-13,445.9220245361328,test
2024-08-14,446.4739645385742,test
2024-08-15,446.38220977783203,test
2024-08-16,446.380412902832,test
2024-08-19,446.3543997192383,test
2024-08-20,446.5396096801758,test
2024-08-21,446.6089431762695,test
2024-08-22,446.2951806640625,test
2024-08-23,445.7590319824219,test
2024-08-26,445.7523159790039,test
2024-08-27,445.7289492797852,test
2024-08-28,445.54430419921874,test
2024-08-29,445.1727462768555,test
2024-08-30,445.18589447021486,test
2024-09-03,445.4572811889648,test
2024-09-04,446.01566009521486,test
2024-09-05,445.6414566040039,test
2024-09-06,445.0348876953125,test
2024-09-09,445.77942535400393,test
2024-09-10,445.5217593383789,test
2024-09-11,445.30457794189454,test
2024-09-12,445.9164431762695,test
2024-09-13,446.62757995605466,test
2024-09-16,446.5071646118164,test
2024-09-17,446.5214468383789,test
2024-09-18,446.6394009399414,test
2024-09-19,446.4466213989258,test
2024-09-20,445.57325134277346,test
2024-09-23,445.1727462768555,test
2024-09-24,445.1727462768555,test
2024-09-25,445.1727462768555,test
2024-09-26,445.1613949584961,test
2024-09-27,445.37905151367187,test
2024-09-30,445.3984432983398,test
2024-10-01,444.8771447753906,test
2024-10-02,445.19469146728517,test
2024-10-03,445.53541381835936,test
2024-10-04,445.22004364013674,test
2024-10-07,445.0328500366211,test
2024-10-08,444.79561126708984,test
2024-10-09,445.5358868408203,test
2024-10-10,445.4732656860352,test
2024-10-11,445.5100616455078,test
2024-10-14,445.19469146728517,test
2024-10-15,445.5105346679687,test
2024-10-16,445.5105346679687,test
2024-10-17,445.5350341796875,test
2024-10-18,445.5350341796875,test
2024-10-21,445.19469146728517,test
2024-10-22,445.19469146728517,test
2024-10-23,445.13018402099607,test
2024-10-24,445.0328500366211,test
2024-10-25,444.79561126708984,test
2024-10-28,445.13018402099607,test
2024-10-29,445.0328500366211,test
2024-10-30,445.5385403442383,test
2024-10-31,445.47568603515623,test
2024-11-01,445.4999017333984,test
2024-11-04,445.27931518554686,test
2024-11-05,445.815842590332,test
2024-11-06,445.8543862915039,test
2024-11-07,446.53629333496093,test
2024-11-08,445.3659030151367,test
2024-11-11,445.37725433349607,test
2024-11-12,445.1727462768555,test
2024-11-13,445.1727462768555,test
2024-11-14,445.603896484375,test
2024-11-15,445.20812622070315,test
2024-11-18,445.4879309082031,test
2024-11-19,445.0328500366211,test
2024-11-20,444.79561126708984,test
2024-11-21,444.79561126708984,test
2024-11-22,445.22004364013674,test
2024-11-25,445.15742248535156,test
2024-11-26,445.44782012939453,test
2024-11-27,445.46257873535154,test
2024-11-29,445.46257873535154,test
2024-12-02,445.43656555175784,test
2024-12-03,445.5105346679687,test
2024-12-04,445.4520767211914,test
2024-12-05,445.19894805908206,test
2024-12-06,445.19469146728517,test
2024-12-09,445.19469146728517,test
2024-12-10,445.22004364013674,test
2024-12-11,445.22004364013674,test
2024-12-12,444.79561126708984,test
2024-12-13,445.0429699707031,test
2024-12-16,445.0365377807617,test
2024-12-17,445.05839080810546,test
2024-12-18,445.2380697631836,test
2024-12-19,444.9103128051758,test
2024-12-20,444.9103128051758,test
2024-12-23,445.7431008911133,test
2024-12-24,445.978020324707,test
2024-12-26,445.7939471435547,test
2024-12-27,445.720686340332,test
2024-12-30,445.7334561157227,test
2024-12-31,445.72560546875,test
2025-01-02,445.7234295654297,test
2025-01-03,445.7234295654297,test
2025-01-06,445.7234295654297,test
2025-01-07,445.7262677001953,test
2025-01-08,445.7234295654297,test
2025-01-10,445.56314453125,test
2025-01-13,445.9220245361328,test
2025-01-14,445.7234295654297,test
2025-01-15,445.9242004394531,test
2025-01-16,446.27574920654297,test
2025-01-17,446.49420776367185,test
2025-01-21,446.6420541381836,test
2025-01-22,446.1352282714844,test
2025-01-23,446.29442504882815,test
2025-01-24,446.30586975097657,test
2025-01-27,446.1827133178711,test
2025-01-28,446.5322305297852,test
2025-01-29,446.5996725463867,test
2025-01-30,446.8589483642578,test
2025-01-31,445.9100030517578,test
2025-02-03,446.5091494750977,test
2025-02-04,446.2293453979492,test
2025-02-05,446.5509585571289,test
2025-02-06,446.38967864990235,test
2025-02-07,446.39696502685547,test
2025-02-10,446.60487548828127,test
2025-02-11,446.60487548828127,test
2025-02-12,446.4316326904297,test
2025-02-13,446.5757409667969,test
2025-02-14,446.68461364746094,test
2025-02-18,446.5741314697266,test
2025-02-19,446.47017181396484,test
2025-02-20,446.41568939208986,test
2025-02-21,446.16691436767576,test
2025-02-24,446.2350241088867,test
2025-02-25,445.52393524169923,test
2025-02-26,445.7178482055664,test
2025-02-27,445.3055239868164,test
2025-02-28,445.3055239868164,test
2025-03-03,445.3055239868164,test
2025-03-04,445.3055239868164,test
2025-03-05,445.2646594238281,test
2025-03-06,445.3055239868164,test
2025-03-07,445.3055239868164,test
2025-03-10,445.3055239868164,test
2025-03-11,445.3055239868164,test
2025-03-12,445.2646594238281,test
2025-03-13,445.3055239868164,test
2025-03-14,445.7262677001953,test
2025-03-17,445.7234295654297,test
2025-03-18,445.7262677001953,test
2025-03-19,445.26797149658205,test
2025-03-20,446.2785873413086,test
2025-03-21,445.87553131103516,test
2025-03-24,446.6573782348633,test
2025-03-25,446.380412902832,test
2025-03-26,446.380412902832,test
2025-03-27,446.380412902832,test
2025-03-28,446.1435559082031,test
2025-03-31,446.07686920166014,test
2025-04-01,446.480964050293,test
2025-04-02,446.132014465332,test
2025-04-03,445.3055239868164,test
2025-04-04,445.3055239868164,test
2025-04-07,445.3055239868164,test
2025-04-08,445.3055239868164,test
2025-04-09,445.50411895751955,test
2025-04-10,445.3055239868164,test
2025-04-11,445.3055239868164,test
2025-04-14,445.82029113769534,test
2025-04-15,446.2983557128906,test
2025-04-16,445.87553131103516,test
2025-04-17,445.87553131103516,test
2025-04-21,445.669794921875,test
2025-04-22,445.87553131103516,test
2025-04-23,445.7961676025391,test
2025-04-24,446.38220977783203,test
2025-04-25,446.341533203125,test
2025-04-28,446.3333041381836,test
2025-04-29,446.1352282714844,test
2025-04-30,446.01746520996096,test
2025-05-01,446.13702514648435,test
2025-05-02,446.13702514648435,test
2025-05-05,446.49250091552733,test
2025-05-06,446.5725259399414,test
2025-05-07,446.27068115234374,test
2025-05-08,446.1875338745117,test
2025-05-09,445.7590319824219,test
2025-05-12,445.3848272705078,test
2025-05-13,444.90278106689453,test
2025-05-14,445.18589447021486,test
2025-05-15,444.8823471069336,test
2025-05-16,444.9699407958984,test
2025-05-19,444.90278106689453,test
2025-05-20,445.18589447021486,test
2025-05-21,444.9699407958984,test
2025-05-22,445.0879898071289,test
2025-05-23,445.1933676147461,test
2025-05-27,444.8771447753906,test
2025-05-28,444.75436737060545,test
2025-05-29,444.88442962646485,test
2025-05-30,444.52309143066407,test
2025-06-02,445.0350259399414,test
2025-06-03,445.4645660400391,test
2025-06-04,445.4645660400391,test
2025-06-05,444.7858709716797,test
2025-06-06,445.17275085449216,test
2025-06-09,445.4879309082031,test
2025-06-10,445.4200122070313,test
2025-06-11,444.94752380371096,test
2025-06-12,445.222219543457,test
2025-06-13,444.52309143066407,test
2025-06-16,444.7704501342773,test
2025-06-17,444.8576641845703,test
2025-06-18,444.7603302001953,test
2025-06-20,444.7603302001953,test
2025-06-23,444.7603302001953,test
2025-06-24,444.79003143310547,test
2025-06-25,445.04514587402343,test
2025-06-26,444.9402389526367,test
2025-06-27,444.9402389526367,test
2025-06-30,444.9402389526367,test
2025-07-01,444.8771447753906,test
2025-07-02,445.0768307495117,test
2025-07-03,445.1613949584961,test
2025-07-07,445.1194909667969,test
2025-07-08,445.2191912841797,test
2025-07-09,445.2149346923828,test
2025-07-10,445.2149346923828,test
2025-07-11,445.2149346923828,test
2025-07-14,445.19469146728517,test
2025-07-15,444.52309143066407,test
2025-07-16,444.52309143066407,test
2025-07-17,444.3299349975586,test
2025-07-18,444.7977871704102,test
2025-07-21,444.7977871704102,test
2025-07-22,444.7977871704102,test
2025-07-23,444.45999725341795,test
2025-07-24,444.88442962646485,test
2025-07-25,445.1776657104492,test
2025-07-28,445.15742248535156,test
2025-07-29,445.222219543457,test
2025-07-30,444.52309143066407,test
2025-07-31,444.52309143066407,test
2025-08-01,444.8033706665039,test
2025-08-04,444.9194326782227,test
2025-08-05,444.7432107543945,test
2025-08-06,445.0605667114258,test
2025-08-07,444.7858709716797,test
2025-08-08,445.0350259399414,test
2025-08-11,445.0308639526367,test
2025-08-12,445.0350259399414,test
2025-08-13,445.4572811889648,test
2025-08-14,445.4572811889648,test
2025-08-15,445.01496978759764,test
2025-08-18,445.43703796386717,test
2025-08-19,445.1523168945312,test
2025-08-20,444.7858709716797,test
2025-08-21,444.79561126708984,test
2025-08-22,444.52309143066407,test
2025-08-25,444.79561126708984,test
2025-08-26,444.79561126708984,test
2025-08-27,445.22004364013674,test
2025-08-28,445.4185922241211,test
2025-08-29,445.2878665161133,test
2025-09-02,444.8033706665039,test
2025-09-03,445.1474954223633,test
2025-09-04,445.0605667114258,test
2025-09-05,444.7858709716797,test
2025-09-08,445.49010681152345,test
2025-09-09,445.56256225585935,test
2025-09-10,444.9402389526367,test
2025-09-11,444.8771447753906,test
2025-09-12,445.00200744628904,test
2025-09-15,445.2191912841797,test
2025-09-16,445.2191912841797,test
2025-09-17,444.9402389526367,test
2025-09-18,444.9402389526367,test
2025-09-19,444.9402389526367,test
2025-09-22,445.06368041992187,test
2025-09-23,444.9402389526367,test
2025-09-24,444.89757873535154,test
2025-09-25,444.94752380371096,test
2025-09-26,444.75436737060545,test
2025-09-29,444.94752380371096,test
2025-09-30,444.94752380371096,test
2025-10-01,444.8771447753906,test
2025-10-02,445.2149346923828,test
2025-10-03,444.8771447753906,test
2025-10-06,445.19469146728517,test
2025-10-07,444.83987579345705,test
2025-10-08,445.2149346923828,test
2025-10-09,445.27604309082034,test
2025-10-10,444.6711791992187,test
2025-10-13,444.8033706665039,test
2025-10-14,445.3577752685547,test
2025-10-15,445.3402755737305,test
2025-10-16,445.37026123046877,test
2025-10-17,445.33384399414064,test
2025-10-20,445.6267950439453,test
2025-10-21,445.6114709472656,test
2025-10-22,445.37026123046877,test
2025-10-23,446.0438491821289,test
2025-10-24,445.6889379882812,test
2025-10-27,445.6397476196289,test
2025-10-28,445.3916339111328,test
2025-10-29,445.26166290283203,test
2025-10-30,445.1016128540039,test
2025-10-31,444.9466711425781,test
2025-11-03,445.2191912841797,test
2025-11-04,445.1825854492188,test
2025-11-05,444.52309143066407,test
2025-11-06,444.7858709716797,test
2025-11-07,445.3577752685547,test
2025-11-10,445.3147348022461,test
2025-11-11,445.61250946044925,test
2025-11-12,445.4422448730469,test
2025-11-13,445.37026123046877,test
2025-11-14,445.23078704833983,test
2025-11-17,444.9103128051758,test
2025-11-18,445.4275448608398,test
2025-11-19,445.30457794189454,test
2025-11-20,445.3055239868164,test
2025-11-21,445.3055239868164,test
2025-11-24,445.50411895751955,test
2025-11-25,445.50411895751955,test
2025-11-26,446.01557403564453,test
2025-11-28,446.4626126098633,test
2025-12-01,446.70855316162107,test
2025-12-02,446.5414065551758,test
2025-12-03,446.5414065551758,test
2025-12-04,446.4904208374023,test
2025-12-05,446.3202490234375,test
2025-12-08,446.455325012207,test
2025-12-09,446.44785247802736,test
2025-12-10,446.2598956298828,test
2025-12-11,445.5190481567383,test
2025-12-12,445.8944845581055,test
2025-12-15,445.73329986572264,test
2025-12-16,446.1858319091797,test
2025-12-17,445.7823556518555,test
2025-12-18,445.4275448608398,test
2025-12-19,445.62547760009767,test
2025-12-22,445.6602865600586,test
2025-12-23,446.45447723388673,test
2025-12-24,446.5893603515625,test
2025-12-26,446.57763122558595,test
2025-12-29,446.50583587646486,test
